<?xml version="1.0" encoding="UTF-8"?>
<!DOCTYPE nmaprun>
<?xml-stylesheet href="file:///usr/bin/../share/nmap/nmap.xsl" type="text/xsl"?>
<!-- Nmap 7.94SVN scan initiated Sat Nov 16 15:15:04 2024 as: nmap -iL targets.txt -sn -oA PingSweepHosts -->
<nmaprun scanner="nmap" args="nmap -iL targets.txt -sn -oA PingSweepHosts" start="1731788104" startstr="Sat Nov 16 15:15:04 2024" version="7.94SVN" xmloutputversion="1.05">
<verbose level="0"/>
<debugging level="0"/>
<host><status state="up" reason="reset" reason_ttl="128"/>
<address addr="8.18.63.0" addrtype="ipv4"/>
<hostnames>
</hostnames>
<times srtt="11169" rttvar="12660" to="100000"/>
</host>
<host><status state="up" reason="echo-reply" reason_ttl="128"/>
<address addr="8.18.63.1" addrtype="ipv4"/>
<hostnames>
</hostnames>
<times srtt="16100" rttvar="16100" to="100000"/>
</host>
<host><status state="up" reason="echo-reply" reason_ttl="128"/>
<address addr="8.18.63.2" addrtype="ipv4"/>
<hostnames>
</hostnames>
<times srtt="17408" rttvar="10621" to="100000"/>
</host>
<host><status state="up" reason="reset" reason_ttl="128"/>
<address addr="8.18.63.3" addrtype="ipv4"/>
<hostnames>
</hostnames>
<times srtt="11109" rttvar="12581" to="100000"/>
</host>
<host><status state="up" reason="reset" reason_ttl="128"/>
<address addr="8.18.63.4" addrtype="ipv4"/>
<hostnames>
</hostnames>
<times srtt="11012" rttvar="12470" to="100000"/>
</host>
<host><status state="up" reason="syn-ack" reason_ttl="128"/>
<address addr="8.18.63.5" addrtype="ipv4"/>
<hostnames>
</hostnames>
<times srtt="15118" rttvar="15118" to="100000"/>
</host>
<host><status state="up" reason="reset" reason_ttl="128"/>
<address addr="8.18.63.6" addrtype="ipv4"/>
<hostnames>
</hostnames>
<times srtt="10474" rttvar="11884" to="100000"/>
</host>
<host><status state="up" reason="reset" reason_ttl="128"/>
<address addr="8.18.63.7" addrtype="ipv4"/>
<hostnames>
</hostnames>
<times srtt="8516" rttvar="9650" to="100000"/>
</host>
<host><status state="up" reason="reset" reason_ttl="128"/>
<address addr="8.18.63.8" addrtype="ipv4"/>
<hostnames>
</hostnames>
<times srtt="10323" rttvar="11688" to="100000"/>
</host>
<host><status state="up" reason="reset" reason_ttl="128"/>
<address addr="8.18.63.9" addrtype="ipv4"/>
<hostnames>
</hostnames>
<times srtt="10266" rttvar="11656" to="100000"/>
</host>
<host><status state="up" reason="reset" reason_ttl="128"/>
<address addr="8.18.63.10" addrtype="ipv4"/>
<hostnames>
</hostnames>
<times srtt="412" rttvar="5000" to="100000"/>
</host>
<host><status state="up" reason="reset" reason_ttl="128"/>
<address addr="8.18.63.11" addrtype="ipv4"/>
<hostnames>
</hostnames>
<times srtt="10199" rttvar="11369" to="100000"/>
</host>
<host><status state="up" reason="reset" reason_ttl="128"/>
<address addr="8.18.63.12" addrtype="ipv4"/>
<hostnames>
</hostnames>
<times srtt="78" rttvar="5000" to="100000"/>
</host>
<host><status state="up" reason="reset" reason_ttl="128"/>
<address addr="8.18.63.13" addrtype="ipv4"/>
<hostnames>
</hostnames>
<times srtt="67" rttvar="5000" to="100000"/>
</host>
<host><status state="up" reason="reset" reason_ttl="128"/>
<address addr="8.18.63.14" addrtype="ipv4"/>
<hostnames>
</hostnames>
<times srtt="9774" rttvar="10918" to="100000"/>
</host>
<host><status state="up" reason="reset" reason_ttl="128"/>
<address addr="8.18.63.15" addrtype="ipv4"/>
<hostnames>
</hostnames>
<times srtt="9662" rttvar="10913" to="100000"/>
</host>
<host><status state="up" reason="reset" reason_ttl="128"/>
<address addr="8.18.63.16" addrtype="ipv4"/>
<hostnames>
</hostnames>
<times srtt="70" rttvar="5000" to="100000"/>
</host>
<host><status state="up" reason="reset" reason_ttl="128"/>
<address addr="8.18.63.17" addrtype="ipv4"/>
<hostnames>
</hostnames>
<times srtt="9533" rttvar="10823" to="100000"/>
</host>
<host><status state="up" reason="reset" reason_ttl="128"/>
<address addr="8.18.63.18" addrtype="ipv4"/>
<hostnames>
</hostnames>
<times srtt="10019" rttvar="11360" to="100000"/>
</host>
<host><status state="up" reason="reset" reason_ttl="128"/>
<address addr="8.18.63.19" addrtype="ipv4"/>
<hostnames>
</hostnames>
<times srtt="9626" rttvar="10870" to="100000"/>
</host>
<host><status state="up" reason="reset" reason_ttl="128"/>
<address addr="8.18.63.20" addrtype="ipv4"/>
<hostnames>
</hostnames>
<times srtt="11686" rttvar="12724" to="100000"/>
</host>
<host><status state="up" reason="reset" reason_ttl="128"/>
<address addr="8.18.63.21" addrtype="ipv4"/>
<hostnames>
</hostnames>
<times srtt="323" rttvar="5000" to="100000"/>
</host>
<host><status state="up" reason="reset" reason_ttl="128"/>
<address addr="8.18.63.22" addrtype="ipv4"/>
<hostnames>
</hostnames>
<times srtt="10360" rttvar="11784" to="100000"/>
</host>
<host><status state="up" reason="reset" reason_ttl="128"/>
<address addr="8.18.63.23" addrtype="ipv4"/>
<hostnames>
</hostnames>
<times srtt="1388" rttvar="5000" to="100000"/>
</host>
<host><status state="up" reason="reset" reason_ttl="128"/>
<address addr="8.18.63.24" addrtype="ipv4"/>
<hostnames>
</hostnames>
<times srtt="10188" rttvar="11344" to="100000"/>
</host>
<host><status state="up" reason="reset" reason_ttl="128"/>
<address addr="8.18.63.25" addrtype="ipv4"/>
<hostnames>
</hostnames>
<times srtt="1321" rttvar="5000" to="100000"/>
</host>
<host><status state="up" reason="reset" reason_ttl="128"/>
<address addr="8.18.63.26" addrtype="ipv4"/>
<hostnames>
</hostnames>
<times srtt="11659" rttvar="13214" to="100000"/>
</host>
<host><status state="up" reason="reset" reason_ttl="128"/>
<address addr="8.18.63.27" addrtype="ipv4"/>
<hostnames>
</hostnames>
<times srtt="1823" rttvar="5000" to="100000"/>
</host>
<host><status state="up" reason="reset" reason_ttl="128"/>
<address addr="8.18.63.28" addrtype="ipv4"/>
<hostnames>
</hostnames>
<times srtt="11524" rttvar="13108" to="100000"/>
</host>
<host><status state="up" reason="reset" reason_ttl="128"/>
<address addr="8.18.63.29" addrtype="ipv4"/>
<hostnames>
</hostnames>
<times srtt="10737" rttvar="12223" to="100000"/>
</host>
<host><status state="up" reason="reset" reason_ttl="128"/>
<address addr="8.18.63.30" addrtype="ipv4"/>
<hostnames>
</hostnames>
<times srtt="10150" rttvar="11456" to="100000"/>
</host>
<host><status state="up" reason="reset" reason_ttl="128"/>
<address addr="8.18.63.31" addrtype="ipv4"/>
<hostnames>
</hostnames>
<times srtt="10115" rttvar="11444" to="100000"/>
</host>
<host><status state="up" reason="reset" reason_ttl="128"/>
<address addr="8.18.63.32" addrtype="ipv4"/>
<hostnames>
</hostnames>
<times srtt="1736" rttvar="5000" to="100000"/>
</host>
<host><status state="up" reason="reset" reason_ttl="128"/>
<address addr="8.18.63.33" addrtype="ipv4"/>
<hostnames>
</hostnames>
<times srtt="10107" rttvar="11255" to="100000"/>
</host>
<host><status state="up" reason="reset" reason_ttl="128"/>
<address addr="8.18.63.34" addrtype="ipv4"/>
<hostnames>
</hostnames>
<times srtt="427" rttvar="5000" to="100000"/>
</host>
<host><status state="up" reason="reset" reason_ttl="128"/>
<address addr="8.18.63.35" addrtype="ipv4"/>
<hostnames>
</hostnames>
<times srtt="9928" rttvar="11141" to="100000"/>
</host>
<host><status state="up" reason="reset" reason_ttl="128"/>
<address addr="8.18.63.36" addrtype="ipv4"/>
<hostnames>
</hostnames>
<times srtt="1608" rttvar="5000" to="100000"/>
</host>
<host><status state="up" reason="reset" reason_ttl="128"/>
<address addr="8.18.63.37" addrtype="ipv4"/>
<hostnames>
</hostnames>
<times srtt="9767" rttvar="11061" to="100000"/>
</host>
<host><status state="up" reason="reset" reason_ttl="128"/>
<address addr="8.18.63.38" addrtype="ipv4"/>
<hostnames>
</hostnames>
<times srtt="1569" rttvar="5000" to="100000"/>
</host>
<host><status state="up" reason="reset" reason_ttl="128"/>
<address addr="8.18.63.39" addrtype="ipv4"/>
<hostnames>
</hostnames>
<times srtt="8040" rttvar="9097" to="100000"/>
</host>
<host><status state="up" reason="reset" reason_ttl="128"/>
<address addr="8.18.63.40" addrtype="ipv4"/>
<hostnames>
</hostnames>
<times srtt="10000" rttvar="11336" to="100000"/>
</host>
<host><status state="up" reason="reset" reason_ttl="128"/>
<address addr="8.18.63.41" addrtype="ipv4"/>
<hostnames>
</hostnames>
<times srtt="9860" rttvar="11203" to="100000"/>
</host>
<host><status state="up" reason="reset" reason_ttl="128"/>
<address addr="8.18.63.42" addrtype="ipv4"/>
<hostnames>
</hostnames>
<times srtt="9787" rttvar="11139" to="100000"/>
</host>
<host><status state="up" reason="reset" reason_ttl="128"/>
<address addr="8.18.63.43" addrtype="ipv4"/>
<hostnames>
</hostnames>
<times srtt="559" rttvar="5000" to="100000"/>
</host>
<host><status state="up" reason="reset" reason_ttl="128"/>
<address addr="8.18.63.44" addrtype="ipv4"/>
<hostnames>
</hostnames>
<times srtt="10430" rttvar="11574" to="100000"/>
</host>
<host><status state="up" reason="reset" reason_ttl="128"/>
<address addr="8.18.63.45" addrtype="ipv4"/>
<hostnames>
</hostnames>
<times srtt="482" rttvar="5000" to="100000"/>
</host>
<host><status state="up" reason="reset" reason_ttl="128"/>
<address addr="8.18.63.46" addrtype="ipv4"/>
<hostnames>
</hostnames>
<times srtt="9801" rttvar="11045" to="100000"/>
</host>
<host><status state="up" reason="reset" reason_ttl="128"/>
<address addr="8.18.63.47" addrtype="ipv4"/>
<hostnames>
</hostnames>
<times srtt="9615" rttvar="10639" to="100000"/>
</host>
<host><status state="up" reason="reset" reason_ttl="128"/>
<address addr="8.18.63.48" addrtype="ipv4"/>
<hostnames>
</hostnames>
<times srtt="572" rttvar="5000" to="100000"/>
</host>
<host><status state="up" reason="reset" reason_ttl="128"/>
<address addr="8.18.63.49" addrtype="ipv4"/>
<hostnames>
</hostnames>
<times srtt="9453" rttvar="10457" to="100000"/>
</host>
<host><status state="up" reason="reset" reason_ttl="128"/>
<address addr="8.18.63.50" addrtype="ipv4"/>
<hostnames>
</hostnames>
<times srtt="9417" rttvar="10417" to="100000"/>
</host>
<host><status state="up" reason="reset" reason_ttl="128"/>
<address addr="8.18.63.51" addrtype="ipv4"/>
<hostnames>
</hostnames>
<times srtt="9752" rttvar="11063" to="100000"/>
</host>
<host><status state="up" reason="reset" reason_ttl="128"/>
<address addr="8.18.63.52" addrtype="ipv4"/>
<hostnames>
</hostnames>
<times srtt="540" rttvar="5000" to="100000"/>
</host>
<host><status state="up" reason="reset" reason_ttl="128"/>
<address addr="8.18.63.53" addrtype="ipv4"/>
<hostnames>
</hostnames>
<times srtt="9366" rttvar="10615" to="100000"/>
</host>
<host><status state="up" reason="reset" reason_ttl="128"/>
<address addr="8.18.63.54" addrtype="ipv4"/>
<hostnames>
</hostnames>
<times srtt="578" rttvar="5000" to="100000"/>
</host>
<host><status state="up" reason="reset" reason_ttl="128"/>
<address addr="8.18.63.55" addrtype="ipv4"/>
<hostnames>
</hostnames>
<times srtt="8801" rttvar="9839" to="100000"/>
</host>
<host><status state="up" reason="reset" reason_ttl="128"/>
<address addr="8.18.63.56" addrtype="ipv4"/>
<hostnames>
</hostnames>
<times srtt="627" rttvar="5000" to="100000"/>
</host>
<host><status state="up" reason="reset" reason_ttl="128"/>
<address addr="8.18.63.57" addrtype="ipv4"/>
<hostnames>
</hostnames>
<times srtt="8662" rttvar="9628" to="100000"/>
</host>
<host><status state="up" reason="reset" reason_ttl="128"/>
<address addr="8.18.63.58" addrtype="ipv4"/>
<hostnames>
</hostnames>
<times srtt="8903" rttvar="10095" to="100000"/>
</host>
<host><status state="up" reason="reset" reason_ttl="128"/>
<address addr="8.18.63.59" addrtype="ipv4"/>
<hostnames>
</hostnames>
<times srtt="615" rttvar="5000" to="100000"/>
</host>
<host><status state="up" reason="reset" reason_ttl="128"/>
<address addr="8.18.63.60" addrtype="ipv4"/>
<hostnames>
</hostnames>
<times srtt="9372" rttvar="10400" to="100000"/>
</host>
<host><status state="up" reason="reset" reason_ttl="128"/>
<address addr="8.18.63.61" addrtype="ipv4"/>
<hostnames>
</hostnames>
<times srtt="9265" rttvar="10500" to="100000"/>
</host>
<host><status state="up" reason="reset" reason_ttl="128"/>
<address addr="8.18.63.62" addrtype="ipv4"/>
<hostnames>
</hostnames>
<times srtt="9975" rttvar="11142" to="100000"/>
</host>
<host><status state="up" reason="reset" reason_ttl="128"/>
<address addr="8.18.63.63" addrtype="ipv4"/>
<hostnames>
</hostnames>
<times srtt="450" rttvar="5000" to="100000"/>
</host>
<host><status state="up" reason="reset" reason_ttl="128"/>
<address addr="8.18.63.64" addrtype="ipv4"/>
<hostnames>
</hostnames>
<times srtt="9719" rttvar="11002" to="100000"/>
</host>
<host><status state="up" reason="reset" reason_ttl="128"/>
<address addr="8.18.63.65" addrtype="ipv4"/>
<hostnames>
</hostnames>
<times srtt="534" rttvar="5000" to="100000"/>
</host>
<host><status state="up" reason="reset" reason_ttl="128"/>
<address addr="8.18.63.66" addrtype="ipv4"/>
<hostnames>
</hostnames>
<times srtt="12864" rttvar="14630" to="100000"/>
</host>
<host><status state="up" reason="reset" reason_ttl="128"/>
<address addr="8.18.63.67" addrtype="ipv4"/>
<hostnames>
</hostnames>
<times srtt="506" rttvar="5000" to="100000"/>
</host>
<host><status state="up" reason="reset" reason_ttl="128"/>
<address addr="8.18.63.68" addrtype="ipv4"/>
<hostnames>
</hostnames>
<times srtt="12431" rttvar="14104" to="100000"/>
</host>
<host><status state="up" reason="reset" reason_ttl="128"/>
<address addr="8.18.63.69" addrtype="ipv4"/>
<hostnames>
</hostnames>
<times srtt="12221" rttvar="13874" to="100000"/>
</host>
<host><status state="up" reason="reset" reason_ttl="128"/>
<address addr="8.18.63.70" addrtype="ipv4"/>
<hostnames>
</hostnames>
<times srtt="931" rttvar="5000" to="100000"/>
</host>
<host><status state="up" reason="reset" reason_ttl="128"/>
<address addr="8.18.63.71" addrtype="ipv4"/>
<hostnames>
</hostnames>
<times srtt="9143" rttvar="10377" to="100000"/>
</host>
<host><status state="up" reason="reset" reason_ttl="128"/>
<address addr="8.18.63.72" addrtype="ipv4"/>
<hostnames>
</hostnames>
<times srtt="449" rttvar="5000" to="100000"/>
</host>
<host><status state="up" reason="reset" reason_ttl="128"/>
<address addr="8.18.63.73" addrtype="ipv4"/>
<hostnames>
</hostnames>
<times srtt="11181" rttvar="12603" to="100000"/>
</host>
<host><status state="up" reason="reset" reason_ttl="128"/>
<address addr="8.18.63.74" addrtype="ipv4"/>
<hostnames>
</hostnames>
<times srtt="10811" rttvar="12221" to="100000"/>
</host>
<host><status state="up" reason="reset" reason_ttl="128"/>
<address addr="8.18.63.75" addrtype="ipv4"/>
<hostnames>
</hostnames>
<times srtt="856" rttvar="5000" to="100000"/>
</host>
<host><status state="up" reason="reset" reason_ttl="128"/>
<address addr="8.18.63.76" addrtype="ipv4"/>
<hostnames>
</hostnames>
<times srtt="10210" rttvar="11504" to="100000"/>
</host>
<host><status state="up" reason="reset" reason_ttl="128"/>
<address addr="8.18.63.77" addrtype="ipv4"/>
<hostnames>
</hostnames>
<times srtt="857" rttvar="5000" to="100000"/>
</host>
<host><status state="up" reason="reset" reason_ttl="128"/>
<address addr="8.18.63.78" addrtype="ipv4"/>
<hostnames>
</hostnames>
<times srtt="10902" rttvar="12391" to="100000"/>
</host>
<host><status state="up" reason="reset" reason_ttl="128"/>
<address addr="8.18.63.79" addrtype="ipv4"/>
<hostnames>
</hostnames>
<times srtt="818" rttvar="5000" to="100000"/>
</host>
<host><status state="up" reason="reset" reason_ttl="128"/>
<address addr="8.18.63.80" addrtype="ipv4"/>
<hostnames>
</hostnames>
<times srtt="11009" rttvar="12537" to="100000"/>
</host>
<host><status state="up" reason="reset" reason_ttl="128"/>
<address addr="8.18.63.81" addrtype="ipv4"/>
<hostnames>
</hostnames>
<times srtt="189" rttvar="5000" to="100000"/>
</host>
<host><status state="up" reason="reset" reason_ttl="128"/>
<address addr="8.18.63.82" addrtype="ipv4"/>
<hostnames>
</hostnames>
<times srtt="10732" rttvar="12063" to="100000"/>
</host>
<host><status state="up" reason="reset" reason_ttl="128"/>
<address addr="8.18.63.83" addrtype="ipv4"/>
<hostnames>
</hostnames>
<times srtt="790" rttvar="5000" to="100000"/>
</host>
<host><status state="up" reason="reset" reason_ttl="128"/>
<address addr="8.18.63.84" addrtype="ipv4"/>
<hostnames>
</hostnames>
<times srtt="9912" rttvar="11112" to="100000"/>
</host>
<host><status state="up" reason="reset" reason_ttl="128"/>
<address addr="8.18.63.85" addrtype="ipv4"/>
<hostnames>
</hostnames>
<times srtt="781" rttvar="5000" to="100000"/>
</host>
<host><status state="up" reason="reset" reason_ttl="128"/>
<address addr="8.18.63.86" addrtype="ipv4"/>
<hostnames>
</hostnames>
<times srtt="11164" rttvar="12675" to="100000"/>
</host>
<host><status state="up" reason="reset" reason_ttl="128"/>
<address addr="8.18.63.87" addrtype="ipv4"/>
<hostnames>
</hostnames>
<times srtt="10962" rttvar="12475" to="100000"/>
</host>
<host><status state="up" reason="reset" reason_ttl="128"/>
<address addr="8.18.63.88" addrtype="ipv4"/>
<hostnames>
</hostnames>
<times srtt="750" rttvar="5000" to="100000"/>
</host>
<host><status state="up" reason="reset" reason_ttl="128"/>
<address addr="8.18.63.89" addrtype="ipv4"/>
<hostnames>
</hostnames>
<times srtt="10834" rttvar="11499" to="100000"/>
</host>
<host><status state="up" reason="reset" reason_ttl="128"/>
<address addr="8.18.63.90" addrtype="ipv4"/>
<hostnames>
</hostnames>
<times srtt="546" rttvar="5000" to="100000"/>
</host>
<host><status state="up" reason="reset" reason_ttl="128"/>
<address addr="8.18.63.91" addrtype="ipv4"/>
<hostnames>
</hostnames>
<times srtt="9830" rttvar="11012" to="100000"/>
</host>
<host><status state="up" reason="reset" reason_ttl="128"/>
<address addr="8.18.63.92" addrtype="ipv4"/>
<hostnames>
</hostnames>
<times srtt="842" rttvar="5000" to="100000"/>
</host>
<host><status state="up" reason="reset" reason_ttl="128"/>
<address addr="8.18.63.93" addrtype="ipv4"/>
<hostnames>
</hostnames>
<times srtt="9312" rttvar="10396" to="100000"/>
</host>
<host><status state="up" reason="reset" reason_ttl="128"/>
<address addr="8.18.63.94" addrtype="ipv4"/>
<hostnames>
</hostnames>
<times srtt="844" rttvar="5000" to="100000"/>
</host>
<host><status state="up" reason="reset" reason_ttl="128"/>
<address addr="8.18.63.95" addrtype="ipv4"/>
<hostnames>
</hostnames>
<times srtt="8947" rttvar="10013" to="100000"/>
</host>
<host><status state="up" reason="reset" reason_ttl="128"/>
<address addr="8.18.63.96" addrtype="ipv4"/>
<hostnames>
</hostnames>
<times srtt="821" rttvar="5000" to="100000"/>
</host>
<host><status state="up" reason="reset" reason_ttl="128"/>
<address addr="8.18.63.97" addrtype="ipv4"/>
<hostnames>
</hostnames>
<times srtt="1042" rttvar="5000" to="100000"/>
</host>
<host><status state="up" reason="reset" reason_ttl="128"/>
<address addr="8.18.63.98" addrtype="ipv4"/>
<hostnames>
</hostnames>
<times srtt="11138" rttvar="12582" to="100000"/>
</host>
<host><status state="up" reason="reset" reason_ttl="128"/>
<address addr="8.18.63.99" addrtype="ipv4"/>
<hostnames>
</hostnames>
<times srtt="943" rttvar="5000" to="100000"/>
</host>
<host><status state="up" reason="reset" reason_ttl="128"/>
<address addr="8.18.63.100" addrtype="ipv4"/>
<hostnames>
</hostnames>
<times srtt="10711" rttvar="12114" to="100000"/>
</host>
<host><status state="up" reason="reset" reason_ttl="128"/>
<address addr="8.18.63.101" addrtype="ipv4"/>
<hostnames>
</hostnames>
<times srtt="10412" rttvar="11817" to="100000"/>
</host>
<host><status state="up" reason="reset" reason_ttl="128"/>
<address addr="8.18.63.102" addrtype="ipv4"/>
<hostnames>
</hostnames>
<times srtt="886" rttvar="5000" to="100000"/>
</host>
<host><status state="up" reason="reset" reason_ttl="128"/>
<address addr="8.18.63.103" addrtype="ipv4"/>
<hostnames>
</hostnames>
<times srtt="11463" rttvar="13043" to="100000"/>
</host>
<host><status state="up" reason="reset" reason_ttl="128"/>
<address addr="8.18.63.104" addrtype="ipv4"/>
<hostnames>
</hostnames>
<times srtt="872" rttvar="5000" to="100000"/>
</host>
<host><status state="up" reason="reset" reason_ttl="128"/>
<address addr="8.18.63.105" addrtype="ipv4"/>
<hostnames>
</hostnames>
<times srtt="9179" rttvar="10302" to="100000"/>
</host>
<host><status state="up" reason="reset" reason_ttl="128"/>
<address addr="8.18.63.106" addrtype="ipv4"/>
<hostnames>
</hostnames>
<times srtt="872" rttvar="5000" to="100000"/>
</host>
<host><status state="up" reason="reset" reason_ttl="128"/>
<address addr="8.18.63.107" addrtype="ipv4"/>
<hostnames>
</hostnames>
<times srtt="9865" rttvar="10961" to="100000"/>
</host>
<host><status state="up" reason="reset" reason_ttl="128"/>
<address addr="8.18.63.108" addrtype="ipv4"/>
<hostnames>
</hostnames>
<times srtt="216" rttvar="5000" to="100000"/>
</host>
<host><status state="up" reason="reset" reason_ttl="128"/>
<address addr="8.18.63.109" addrtype="ipv4"/>
<hostnames>
</hostnames>
<times srtt="10141" rttvar="11235" to="100000"/>
</host>
<host><status state="up" reason="reset" reason_ttl="128"/>
<address addr="8.18.63.110" addrtype="ipv4"/>
<hostnames>
</hostnames>
<times srtt="549" rttvar="5000" to="100000"/>
</host>
<host><status state="up" reason="reset" reason_ttl="128"/>
<address addr="8.18.63.111" addrtype="ipv4"/>
<hostnames>
</hostnames>
<times srtt="1009" rttvar="5000" to="100000"/>
</host>
<host><status state="up" reason="reset" reason_ttl="128"/>
<address addr="8.18.63.112" addrtype="ipv4"/>
<hostnames>
</hostnames>
<times srtt="12819" rttvar="14356" to="100000"/>
</host>
<host><status state="up" reason="reset" reason_ttl="128"/>
<address addr="8.18.63.113" addrtype="ipv4"/>
<hostnames>
</hostnames>
<times srtt="1053" rttvar="5000" to="100000"/>
</host>
<host><status state="up" reason="reset" reason_ttl="128"/>
<address addr="8.18.63.114" addrtype="ipv4"/>
<hostnames>
</hostnames>
<times srtt="12786" rttvar="14339" to="100000"/>
</host>
<host><status state="up" reason="reset" reason_ttl="128"/>
<address addr="8.18.63.115" addrtype="ipv4"/>
<hostnames>
</hostnames>
<times srtt="13083" rttvar="13878" to="100000"/>
</host>
<host><status state="up" reason="reset" reason_ttl="128"/>
<address addr="8.18.63.116" addrtype="ipv4"/>
<hostnames>
</hostnames>
<times srtt="1025" rttvar="5000" to="100000"/>
</host>
<host><status state="up" reason="reset" reason_ttl="128"/>
<address addr="8.18.63.117" addrtype="ipv4"/>
<hostnames>
</hostnames>
<times srtt="10996" rttvar="12462" to="100000"/>
</host>
<host><status state="up" reason="reset" reason_ttl="128"/>
<address addr="8.18.63.118" addrtype="ipv4"/>
<hostnames>
</hostnames>
<times srtt="617" rttvar="5000" to="100000"/>
</host>
<host><status state="up" reason="reset" reason_ttl="128"/>
<address addr="8.18.63.119" addrtype="ipv4"/>
<hostnames>
</hostnames>
<times srtt="10889" rttvar="12309" to="100000"/>
</host>
<host><status state="up" reason="reset" reason_ttl="128"/>
<address addr="8.18.63.120" addrtype="ipv4"/>
<hostnames>
</hostnames>
<times srtt="991" rttvar="5000" to="100000"/>
</host>
<host><status state="up" reason="reset" reason_ttl="128"/>
<address addr="8.18.63.121" addrtype="ipv4"/>
<hostnames>
</hostnames>
<times srtt="11006" rttvar="12213" to="100000"/>
</host>
<host><status state="up" reason="reset" reason_ttl="128"/>
<address addr="8.18.63.122" addrtype="ipv4"/>
<hostnames>
</hostnames>
<times srtt="1091" rttvar="5000" to="100000"/>
</host>
<host><status state="up" reason="reset" reason_ttl="128"/>
<address addr="8.18.63.123" addrtype="ipv4"/>
<hostnames>
</hostnames>
<times srtt="10900" rttvar="12115" to="100000"/>
</host>
<host><status state="up" reason="reset" reason_ttl="128"/>
<address addr="8.18.63.124" addrtype="ipv4"/>
<hostnames>
</hostnames>
<times srtt="1078" rttvar="5000" to="100000"/>
</host>
<host><status state="up" reason="reset" reason_ttl="128"/>
<address addr="8.18.63.125" addrtype="ipv4"/>
<hostnames>
</hostnames>
<times srtt="10752" rttvar="12045" to="100000"/>
</host>
<host><status state="up" reason="reset" reason_ttl="128"/>
<address addr="8.18.63.126" addrtype="ipv4"/>
<hostnames>
</hostnames>
<times srtt="111" rttvar="5000" to="100000"/>
</host>
<host><status state="up" reason="reset" reason_ttl="128"/>
<address addr="8.18.63.127" addrtype="ipv4"/>
<hostnames>
</hostnames>
<times srtt="10329" rttvar="11658" to="100000"/>
</host>
<host><status state="up" reason="reset" reason_ttl="128"/>
<address addr="8.18.63.128" addrtype="ipv4"/>
<hostnames>
</hostnames>
<times srtt="8954" rttvar="9830" to="100000"/>
</host>
<host><status state="up" reason="reset" reason_ttl="128"/>
<address addr="8.18.63.129" addrtype="ipv4"/>
<hostnames>
</hostnames>
<times srtt="819" rttvar="5000" to="100000"/>
</host>
<host><status state="up" reason="reset" reason_ttl="128"/>
<address addr="8.18.63.130" addrtype="ipv4"/>
<hostnames>
</hostnames>
<times srtt="10203" rttvar="11520" to="100000"/>
</host>
<host><status state="up" reason="reset" reason_ttl="128"/>
<address addr="8.18.63.131" addrtype="ipv4"/>
<hostnames>
</hostnames>
<times srtt="2179" rttvar="5000" to="100000"/>
</host>
<host><status state="up" reason="reset" reason_ttl="128"/>
<address addr="8.18.63.132" addrtype="ipv4"/>
<hostnames>
</hostnames>
<times srtt="97" rttvar="5000" to="100000"/>
</host>
<host><status state="up" reason="reset" reason_ttl="128"/>
<address addr="8.18.63.133" addrtype="ipv4"/>
<hostnames>
</hostnames>
<times srtt="939" rttvar="5000" to="100000"/>
</host>
<host><status state="up" reason="reset" reason_ttl="128"/>
<address addr="8.18.63.134" addrtype="ipv4"/>
<hostnames>
</hostnames>
<times srtt="856" rttvar="5000" to="100000"/>
</host>
<host><status state="up" reason="reset" reason_ttl="128"/>
<address addr="8.18.63.135" addrtype="ipv4"/>
<hostnames>
</hostnames>
<times srtt="755" rttvar="5000" to="100000"/>
</host>
<host><status state="up" reason="reset" reason_ttl="128"/>
<address addr="8.18.63.136" addrtype="ipv4"/>
<hostnames>
</hostnames>
<times srtt="729" rttvar="5000" to="100000"/>
</host>
<host><status state="up" reason="reset" reason_ttl="128"/>
<address addr="8.18.63.137" addrtype="ipv4"/>
<hostnames>
</hostnames>
<times srtt="715" rttvar="5000" to="100000"/>
</host>
<host><status state="up" reason="reset" reason_ttl="128"/>
<address addr="8.18.63.138" addrtype="ipv4"/>
<hostnames>
</hostnames>
<times srtt="118" rttvar="5000" to="100000"/>
</host>
<host><status state="up" reason="reset" reason_ttl="128"/>
<address addr="8.18.63.139" addrtype="ipv4"/>
<hostnames>
</hostnames>
<times srtt="681" rttvar="5000" to="100000"/>
</host>
<host><status state="up" reason="reset" reason_ttl="128"/>
<address addr="8.18.63.140" addrtype="ipv4"/>
<hostnames>
</hostnames>
<times srtt="104" rttvar="5000" to="100000"/>
</host>
<host><status state="up" reason="reset" reason_ttl="128"/>
<address addr="8.18.63.141" addrtype="ipv4"/>
<hostnames>
</hostnames>
<times srtt="852" rttvar="5000" to="100000"/>
</host>
<host><status state="up" reason="reset" reason_ttl="128"/>
<address addr="8.18.63.142" addrtype="ipv4"/>
<hostnames>
</hostnames>
<times srtt="799" rttvar="5000" to="100000"/>
</host>
<host><status state="up" reason="reset" reason_ttl="128"/>
<address addr="8.18.63.143" addrtype="ipv4"/>
<hostnames>
</hostnames>
<times srtt="763" rttvar="5000" to="100000"/>
</host>
<host><status state="up" reason="reset" reason_ttl="128"/>
<address addr="8.18.63.144" addrtype="ipv4"/>
<hostnames>
</hostnames>
<times srtt="208" rttvar="5000" to="100000"/>
</host>
<host><status state="up" reason="reset" reason_ttl="128"/>
<address addr="8.18.63.145" addrtype="ipv4"/>
<hostnames>
</hostnames>
<times srtt="274" rttvar="5000" to="100000"/>
</host>
<host><status state="up" reason="reset" reason_ttl="128"/>
<address addr="8.18.63.146" addrtype="ipv4"/>
<hostnames>
</hostnames>
<times srtt="695" rttvar="5000" to="100000"/>
</host>
<host><status state="up" reason="syn-ack" reason_ttl="128"/>
<address addr="8.18.63.147" addrtype="ipv4"/>
<hostnames>
</hostnames>
<times srtt="10445" rttvar="10445" to="100000"/>
</host>
<host><status state="up" reason="syn-ack" reason_ttl="128"/>
<address addr="8.18.63.148" addrtype="ipv4"/>
<hostnames>
</hostnames>
<times srtt="10257" rttvar="10257" to="100000"/>
</host>
<host><status state="up" reason="reset" reason_ttl="128"/>
<address addr="8.18.63.149" addrtype="ipv4"/>
<hostnames>
</hostnames>
<times srtt="481" rttvar="5000" to="100000"/>
</host>
<host><status state="up" reason="reset" reason_ttl="128"/>
<address addr="8.18.63.150" addrtype="ipv4"/>
<hostnames>
</hostnames>
<times srtt="322" rttvar="5000" to="100000"/>
</host>
<host><status state="up" reason="reset" reason_ttl="128"/>
<address addr="8.18.63.151" addrtype="ipv4"/>
<hostnames>
</hostnames>
<times srtt="218" rttvar="5000" to="100000"/>
</host>
<host><status state="up" reason="syn-ack" reason_ttl="128"/>
<address addr="8.18.63.152" addrtype="ipv4"/>
<hostnames>
</hostnames>
<times srtt="10099" rttvar="10099" to="100000"/>
</host>
<host><status state="up" reason="reset" reason_ttl="128"/>
<address addr="8.18.63.153" addrtype="ipv4"/>
<hostnames>
</hostnames>
<times srtt="475" rttvar="5000" to="100000"/>
</host>
<host><status state="up" reason="syn-ack" reason_ttl="128"/>
<address addr="8.18.63.154" addrtype="ipv4"/>
<hostnames>
</hostnames>
<times srtt="9923" rttvar="9923" to="100000"/>
</host>
<host><status state="up" reason="reset" reason_ttl="128"/>
<address addr="8.18.63.155" addrtype="ipv4"/>
<hostnames>
</hostnames>
<times srtt="497" rttvar="5000" to="100000"/>
</host>
<host><status state="up" reason="reset" reason_ttl="128"/>
<address addr="8.18.63.156" addrtype="ipv4"/>
<hostnames>
</hostnames>
<times srtt="420" rttvar="5000" to="100000"/>
</host>
<host><status state="up" reason="syn-ack" reason_ttl="128"/>
<address addr="8.18.63.157" addrtype="ipv4"/>
<hostnames>
</hostnames>
<times srtt="13100" rttvar="13100" to="100000"/>
</host>
<host><status state="up" reason="reset" reason_ttl="128"/>
<address addr="8.18.63.158" addrtype="ipv4"/>
<hostnames>
</hostnames>
<times srtt="775" rttvar="5000" to="100000"/>
</host>
<host><status state="up" reason="reset" reason_ttl="128"/>
<address addr="8.18.63.159" addrtype="ipv4"/>
<hostnames>
</hostnames>
<times srtt="456" rttvar="5000" to="100000"/>
</host>
<host><status state="up" reason="reset" reason_ttl="128"/>
<address addr="8.18.63.160" addrtype="ipv4"/>
<hostnames>
</hostnames>
<times srtt="2380" rttvar="5000" to="100000"/>
</host>
<host><status state="up" reason="reset" reason_ttl="128"/>
<address addr="8.18.63.161" addrtype="ipv4"/>
<hostnames>
</hostnames>
<times srtt="716" rttvar="5000" to="100000"/>
</host>
<host><status state="up" reason="reset" reason_ttl="128"/>
<address addr="8.18.63.162" addrtype="ipv4"/>
<hostnames>
</hostnames>
<times srtt="629" rttvar="5000" to="100000"/>
</host>
<host><status state="up" reason="reset" reason_ttl="128"/>
<address addr="8.18.63.163" addrtype="ipv4"/>
<hostnames>
</hostnames>
<times srtt="556" rttvar="5000" to="100000"/>
</host>
<host><status state="up" reason="reset" reason_ttl="128"/>
<address addr="8.18.63.164" addrtype="ipv4"/>
<hostnames>
</hostnames>
<times srtt="538" rttvar="5000" to="100000"/>
</host>
<host><status state="up" reason="reset" reason_ttl="128"/>
<address addr="8.18.63.165" addrtype="ipv4"/>
<hostnames>
</hostnames>
<times srtt="618" rttvar="5000" to="100000"/>
</host>
<host><status state="up" reason="reset" reason_ttl="128"/>
<address addr="8.18.63.166" addrtype="ipv4"/>
<hostnames>
</hostnames>
<times srtt="590" rttvar="5000" to="100000"/>
</host>
<host><status state="up" reason="reset" reason_ttl="128"/>
<address addr="8.18.63.167" addrtype="ipv4"/>
<hostnames>
</hostnames>
<times srtt="563" rttvar="5000" to="100000"/>
</host>
<host><status state="up" reason="reset" reason_ttl="128"/>
<address addr="8.18.63.168" addrtype="ipv4"/>
<hostnames>
</hostnames>
<times srtt="310" rttvar="5000" to="100000"/>
</host>
<host><status state="up" reason="syn-ack" reason_ttl="128"/>
<address addr="8.18.63.169" addrtype="ipv4"/>
<hostnames>
</hostnames>
<times srtt="11127" rttvar="11127" to="100000"/>
</host>
<host><status state="up" reason="reset" reason_ttl="128"/>
<address addr="8.18.63.170" addrtype="ipv4"/>
<hostnames>
</hostnames>
<times srtt="794" rttvar="5000" to="100000"/>
</host>
<host><status state="up" reason="reset" reason_ttl="128"/>
<address addr="8.18.63.171" addrtype="ipv4"/>
<hostnames>
</hostnames>
<times srtt="309" rttvar="5000" to="100000"/>
</host>
<host><status state="up" reason="reset" reason_ttl="128"/>
<address addr="8.18.63.172" addrtype="ipv4"/>
<hostnames>
</hostnames>
<times srtt="904" rttvar="5000" to="100000"/>
</host>
<host><status state="up" reason="reset" reason_ttl="128"/>
<address addr="8.18.63.173" addrtype="ipv4"/>
<hostnames>
</hostnames>
<times srtt="869" rttvar="5000" to="100000"/>
</host>
<host><status state="up" reason="reset" reason_ttl="128"/>
<address addr="8.18.63.174" addrtype="ipv4"/>
<hostnames>
</hostnames>
<times srtt="839" rttvar="5000" to="100000"/>
</host>
<host><status state="up" reason="reset" reason_ttl="128"/>
<address addr="8.18.63.175" addrtype="ipv4"/>
<hostnames>
</hostnames>
<times srtt="179" rttvar="5000" to="100000"/>
</host>
<host><status state="up" reason="reset" reason_ttl="128"/>
<address addr="8.18.63.176" addrtype="ipv4"/>
<hostnames>
</hostnames>
<times srtt="681" rttvar="5000" to="100000"/>
</host>
<host><status state="up" reason="reset" reason_ttl="128"/>
<address addr="8.18.63.177" addrtype="ipv4"/>
<hostnames>
</hostnames>
<times srtt="375" rttvar="5000" to="100000"/>
</host>
<host><status state="up" reason="reset" reason_ttl="128"/>
<address addr="8.18.63.178" addrtype="ipv4"/>
<hostnames>
</hostnames>
<times srtt="1199" rttvar="5000" to="100000"/>
</host>
<host><status state="up" reason="reset" reason_ttl="128"/>
<address addr="8.18.63.179" addrtype="ipv4"/>
<hostnames>
</hostnames>
<times srtt="1246" rttvar="5000" to="100000"/>
</host>
<host><status state="up" reason="reset" reason_ttl="128"/>
<address addr="8.18.63.180" addrtype="ipv4"/>
<hostnames>
</hostnames>
<times srtt="1240" rttvar="5000" to="100000"/>
</host>
<host><status state="up" reason="reset" reason_ttl="128"/>
<address addr="8.18.63.181" addrtype="ipv4"/>
<hostnames>
</hostnames>
<times srtt="2367" rttvar="5000" to="100000"/>
</host>
<host><status state="up" reason="reset" reason_ttl="128"/>
<address addr="8.18.63.182" addrtype="ipv4"/>
<hostnames>
</hostnames>
<times srtt="337" rttvar="5000" to="100000"/>
</host>
<host><status state="up" reason="syn-ack" reason_ttl="128"/>
<address addr="8.18.63.183" addrtype="ipv4"/>
<hostnames>
</hostnames>
<times srtt="13838" rttvar="13838" to="100000"/>
</host>
<host><status state="up" reason="reset" reason_ttl="128"/>
<address addr="8.18.63.184" addrtype="ipv4"/>
<hostnames>
</hostnames>
<times srtt="9428" rttvar="10480" to="100000"/>
</host>
<host><status state="up" reason="reset" reason_ttl="128"/>
<address addr="8.18.63.185" addrtype="ipv4"/>
<hostnames>
</hostnames>
<times srtt="10594" rttvar="12029" to="100000"/>
</host>
<host><status state="up" reason="reset" reason_ttl="128"/>
<address addr="8.18.63.186" addrtype="ipv4"/>
<hostnames>
</hostnames>
<times srtt="11142" rttvar="12208" to="100000"/>
</host>
<host><status state="up" reason="reset" reason_ttl="128"/>
<address addr="8.18.63.187" addrtype="ipv4"/>
<hostnames>
</hostnames>
<times srtt="758" rttvar="5000" to="100000"/>
</host>
<host><status state="up" reason="reset" reason_ttl="128"/>
<address addr="8.18.63.188" addrtype="ipv4"/>
<hostnames>
</hostnames>
<times srtt="10824" rttvar="12266" to="100000"/>
</host>
<host><status state="up" reason="reset" reason_ttl="128"/>
<address addr="8.18.63.189" addrtype="ipv4"/>
<hostnames>
</hostnames>
<times srtt="314" rttvar="5000" to="100000"/>
</host>
<host><status state="up" reason="reset" reason_ttl="128"/>
<address addr="8.18.63.190" addrtype="ipv4"/>
<hostnames>
</hostnames>
<times srtt="10665" rttvar="12098" to="100000"/>
</host>
<host><status state="up" reason="reset" reason_ttl="128"/>
<address addr="8.18.63.191" addrtype="ipv4"/>
<hostnames>
</hostnames>
<times srtt="9838" rttvar="11074" to="100000"/>
</host>
<host><status state="up" reason="syn-ack" reason_ttl="128"/>
<address addr="8.18.63.192" addrtype="ipv4"/>
<hostnames>
</hostnames>
<times srtt="11741" rttvar="11741" to="100000"/>
</host>
<host><status state="up" reason="reset" reason_ttl="128"/>
<address addr="8.18.63.193" addrtype="ipv4"/>
<hostnames>
</hostnames>
<times srtt="855" rttvar="5000" to="100000"/>
</host>
<host><status state="up" reason="syn-ack" reason_ttl="128"/>
<address addr="8.18.63.194" addrtype="ipv4"/>
<hostnames>
</hostnames>
<times srtt="12371" rttvar="12371" to="100000"/>
</host>
<host><status state="up" reason="reset" reason_ttl="128"/>
<address addr="8.18.63.195" addrtype="ipv4"/>
<hostnames>
</hostnames>
<times srtt="402" rttvar="5000" to="100000"/>
</host>
<host><status state="up" reason="syn-ack" reason_ttl="128"/>
<address addr="8.18.63.196" addrtype="ipv4"/>
<hostnames>
</hostnames>
<times srtt="12174" rttvar="12174" to="100000"/>
</host>
<host><status state="up" reason="reset" reason_ttl="128"/>
<address addr="8.18.63.197" addrtype="ipv4"/>
<hostnames>
</hostnames>
<times srtt="19879" rttvar="22549" to="110075"/>
</host>
<host><status state="up" reason="syn-ack" reason_ttl="128"/>
<address addr="8.18.63.198" addrtype="ipv4"/>
<hostnames>
</hostnames>
<times srtt="14196" rttvar="14196" to="100000"/>
</host>
<host><status state="up" reason="reset" reason_ttl="128"/>
<address addr="8.18.63.199" addrtype="ipv4"/>
<hostnames>
</hostnames>
<times srtt="681" rttvar="5000" to="100000"/>
</host>
<host><status state="up" reason="syn-ack" reason_ttl="128"/>
<address addr="8.18.63.200" addrtype="ipv4"/>
<hostnames>
</hostnames>
<times srtt="13487" rttvar="13487" to="100000"/>
</host>
<host><status state="up" reason="reset" reason_ttl="128"/>
<address addr="8.18.63.201" addrtype="ipv4"/>
<hostnames>
</hostnames>
<times srtt="648" rttvar="5000" to="100000"/>
</host>
<host><status state="up" reason="reset" reason_ttl="128"/>
<address addr="8.18.63.202" addrtype="ipv4"/>
<hostnames>
</hostnames>
<times srtt="1033" rttvar="5000" to="100000"/>
</host>
<host><status state="up" reason="syn-ack" reason_ttl="128"/>
<address addr="8.18.63.203" addrtype="ipv4"/>
<hostnames>
</hostnames>
<times srtt="10982" rttvar="10982" to="100000"/>
</host>
<host><status state="up" reason="syn-ack" reason_ttl="128"/>
<address addr="8.18.63.204" addrtype="ipv4"/>
<hostnames>
</hostnames>
<times srtt="10788" rttvar="10788" to="100000"/>
</host>
<host><status state="up" reason="syn-ack" reason_ttl="128"/>
<address addr="8.18.63.205" addrtype="ipv4"/>
<hostnames>
</hostnames>
<times srtt="11078" rttvar="11078" to="100000"/>
</host>
<host><status state="up" reason="reset" reason_ttl="128"/>
<address addr="8.18.63.206" addrtype="ipv4"/>
<hostnames>
</hostnames>
<times srtt="798" rttvar="5000" to="100000"/>
</host>
<host><status state="up" reason="syn-ack" reason_ttl="128"/>
<address addr="8.18.63.207" addrtype="ipv4"/>
<hostnames>
</hostnames>
<times srtt="13695" rttvar="13695" to="100000"/>
</host>
<host><status state="up" reason="reset" reason_ttl="128"/>
<address addr="8.18.63.208" addrtype="ipv4"/>
<hostnames>
</hostnames>
<times srtt="1001" rttvar="5000" to="100000"/>
</host>
<host><status state="up" reason="reset" reason_ttl="128"/>
<address addr="8.18.63.209" addrtype="ipv4"/>
<hostnames>
</hostnames>
<times srtt="270" rttvar="5000" to="100000"/>
</host>
<host><status state="up" reason="syn-ack" reason_ttl="128"/>
<address addr="8.18.63.210" addrtype="ipv4"/>
<hostnames>
</hostnames>
<times srtt="13211" rttvar="13211" to="100000"/>
</host>
<host><status state="up" reason="syn-ack" reason_ttl="128"/>
<address addr="8.18.63.211" addrtype="ipv4"/>
<hostnames>
</hostnames>
<times srtt="12951" rttvar="12951" to="100000"/>
</host>
<host><status state="up" reason="syn-ack" reason_ttl="128"/>
<address addr="8.18.63.212" addrtype="ipv4"/>
<hostnames>
</hostnames>
<times srtt="22519" rttvar="22519" to="112595"/>
</host>
<host><status state="up" reason="reset" reason_ttl="128"/>
<address addr="8.18.63.213" addrtype="ipv4"/>
<hostnames>
</hostnames>
<times srtt="167" rttvar="5000" to="100000"/>
</host>
<host><status state="up" reason="syn-ack" reason_ttl="128"/>
<address addr="8.18.63.214" addrtype="ipv4"/>
<hostnames>
</hostnames>
<times srtt="13194" rttvar="13194" to="100000"/>
</host>
<host><status state="up" reason="reset" reason_ttl="128"/>
<address addr="8.18.63.215" addrtype="ipv4"/>
<hostnames>
</hostnames>
<times srtt="970" rttvar="5000" to="100000"/>
</host>
<host><status state="up" reason="reset" reason_ttl="128"/>
<address addr="8.18.63.216" addrtype="ipv4"/>
<hostnames>
</hostnames>
<times srtt="611" rttvar="5000" to="100000"/>
</host>
<host><status state="up" reason="syn-ack" reason_ttl="128"/>
<address addr="8.18.63.217" addrtype="ipv4"/>
<hostnames>
</hostnames>
<times srtt="11404" rttvar="11404" to="100000"/>
</host>
<host><status state="up" reason="syn-ack" reason_ttl="128"/>
<address addr="8.18.63.218" addrtype="ipv4"/>
<hostnames>
</hostnames>
<times srtt="11337" rttvar="11337" to="100000"/>
</host>
<host><status state="up" reason="syn-ack" reason_ttl="128"/>
<address addr="8.18.63.219" addrtype="ipv4"/>
<hostnames>
</hostnames>
<times srtt="11281" rttvar="11281" to="100000"/>
</host>
<host><status state="up" reason="reset" reason_ttl="128"/>
<address addr="8.18.63.220" addrtype="ipv4"/>
<hostnames>
</hostnames>
<times srtt="410" rttvar="5000" to="100000"/>
</host>
<host><status state="up" reason="reset" reason_ttl="128"/>
<address addr="8.18.63.221" addrtype="ipv4"/>
<hostnames>
</hostnames>
<times srtt="956" rttvar="5000" to="100000"/>
</host>
<host><status state="up" reason="syn-ack" reason_ttl="128"/>
<address addr="8.18.63.222" addrtype="ipv4"/>
<hostnames>
</hostnames>
<times srtt="9601" rttvar="9601" to="100000"/>
</host>
<host><status state="up" reason="reset" reason_ttl="128"/>
<address addr="8.18.63.223" addrtype="ipv4"/>
<hostnames>
</hostnames>
<times srtt="322" rttvar="5000" to="100000"/>
</host>
<host><status state="up" reason="reset" reason_ttl="128"/>
<address addr="8.18.63.224" addrtype="ipv4"/>
<hostnames>
</hostnames>
<times srtt="946" rttvar="5000" to="100000"/>
</host>
<host><status state="up" reason="syn-ack" reason_ttl="128"/>
<address addr="8.18.63.225" addrtype="ipv4"/>
<hostnames>
</hostnames>
<times srtt="11488" rttvar="11488" to="100000"/>
</host>
<host><status state="up" reason="syn-ack" reason_ttl="128"/>
<address addr="8.18.63.226" addrtype="ipv4"/>
<hostnames>
</hostnames>
<times srtt="12843" rttvar="12843" to="100000"/>
</host>
<host><status state="up" reason="syn-ack" reason_ttl="128"/>
<address addr="8.18.63.227" addrtype="ipv4"/>
<hostnames>
</hostnames>
<times srtt="12807" rttvar="12807" to="100000"/>
</host>
<host><status state="up" reason="reset" reason_ttl="128"/>
<address addr="8.18.63.228" addrtype="ipv4"/>
<hostnames>
</hostnames>
<times srtt="243" rttvar="5000" to="100000"/>
</host>
<host><status state="up" reason="reset" reason_ttl="128"/>
<address addr="8.18.63.229" addrtype="ipv4"/>
<hostnames>
</hostnames>
<times srtt="915" rttvar="5000" to="100000"/>
</host>
<host><status state="up" reason="syn-ack" reason_ttl="128"/>
<address addr="8.18.63.230" addrtype="ipv4"/>
<hostnames>
</hostnames>
<times srtt="9013" rttvar="9013" to="100000"/>
</host>
<host><status state="up" reason="reset" reason_ttl="128"/>
<address addr="8.18.63.231" addrtype="ipv4"/>
<hostnames>
</hostnames>
<times srtt="85" rttvar="5000" to="100000"/>
</host>
<host><status state="up" reason="reset" reason_ttl="128"/>
<address addr="8.18.63.232" addrtype="ipv4"/>
<hostnames>
</hostnames>
<times srtt="541" rttvar="5000" to="100000"/>
</host>
<host><status state="up" reason="syn-ack" reason_ttl="128"/>
<address addr="8.18.63.233" addrtype="ipv4"/>
<hostnames>
</hostnames>
<times srtt="12070" rttvar="12070" to="100000"/>
</host>
<host><status state="up" reason="syn-ack" reason_ttl="128"/>
<address addr="8.18.63.234" addrtype="ipv4"/>
<hostnames>
</hostnames>
<times srtt="11980" rttvar="11980" to="100000"/>
</host>
<host><status state="up" reason="syn-ack" reason_ttl="128"/>
<address addr="8.18.63.235" addrtype="ipv4"/>
<hostnames>
</hostnames>
<times srtt="13234" rttvar="13234" to="100000"/>
</host>
<host><status state="up" reason="reset" reason_ttl="128"/>
<address addr="8.18.63.236" addrtype="ipv4"/>
<hostnames>
</hostnames>
<times srtt="420" rttvar="5000" to="100000"/>
</host>
<host><status state="up" reason="reset" reason_ttl="128"/>
<address addr="8.18.63.237" addrtype="ipv4"/>
<hostnames>
</hostnames>
<times srtt="123" rttvar="5000" to="100000"/>
</host>
<host><status state="up" reason="syn-ack" reason_ttl="128"/>
<address addr="8.18.63.238" addrtype="ipv4"/>
<hostnames>
</hostnames>
<times srtt="12930" rttvar="12930" to="100000"/>
</host>
<host><status state="up" reason="reset" reason_ttl="128"/>
<address addr="8.18.63.239" addrtype="ipv4"/>
<hostnames>
</hostnames>
<times srtt="115" rttvar="5000" to="100000"/>
</host>
<host><status state="up" reason="reset" reason_ttl="128"/>
<address addr="8.18.63.240" addrtype="ipv4"/>
<hostnames>
</hostnames>
<times srtt="885" rttvar="5000" to="100000"/>
</host>
<host><status state="up" reason="syn-ack" reason_ttl="128"/>
<address addr="8.18.63.241" addrtype="ipv4"/>
<hostnames>
</hostnames>
<times srtt="8626" rttvar="8626" to="100000"/>
</host>
<host><status state="up" reason="syn-ack" reason_ttl="128"/>
<address addr="8.18.63.242" addrtype="ipv4"/>
<hostnames>
</hostnames>
<times srtt="21813" rttvar="21813" to="109065"/>
</host>
<host><status state="up" reason="syn-ack" reason_ttl="128"/>
<address addr="8.18.63.243" addrtype="ipv4"/>
<hostnames>
</hostnames>
<times srtt="9642" rttvar="9642" to="100000"/>
</host>
<host><status state="up" reason="reset" reason_ttl="128"/>
<address addr="8.18.63.244" addrtype="ipv4"/>
<hostnames>
</hostnames>
<times srtt="342" rttvar="5000" to="100000"/>
</host>
<host><status state="up" reason="reset" reason_ttl="128"/>
<address addr="8.18.63.245" addrtype="ipv4"/>
<hostnames>
</hostnames>
<times srtt="104" rttvar="5000" to="100000"/>
</host>
<host><status state="up" reason="syn-ack" reason_ttl="128"/>
<address addr="8.18.63.246" addrtype="ipv4"/>
<hostnames>
</hostnames>
<times srtt="13604" rttvar="13604" to="100000"/>
</host>
<host><status state="up" reason="reset" reason_ttl="128"/>
<address addr="8.18.63.247" addrtype="ipv4"/>
<hostnames>
</hostnames>
<times srtt="63" rttvar="5000" to="100000"/>
</host>
<host><status state="up" reason="reset" reason_ttl="128"/>
<address addr="8.18.63.248" addrtype="ipv4"/>
<hostnames>
</hostnames>
<times srtt="13301" rttvar="13301" to="100000"/>
</host>
<host><status state="up" reason="reset" reason_ttl="128"/>
<address addr="8.18.63.249" addrtype="ipv4"/>
<hostnames>
</hostnames>
<times srtt="928" rttvar="5000" to="100000"/>
</host>
<host><status state="up" reason="reset" reason_ttl="128"/>
<address addr="8.18.63.250" addrtype="ipv4"/>
<hostnames>
</hostnames>
<times srtt="878" rttvar="5000" to="100000"/>
</host>
<host><status state="up" reason="reset" reason_ttl="128"/>
<address addr="8.18.63.251" addrtype="ipv4"/>
<hostnames>
</hostnames>
<times srtt="828" rttvar="5000" to="100000"/>
</host>
<host><status state="up" reason="syn-ack" reason_ttl="128"/>
<address addr="8.18.63.252" addrtype="ipv4"/>
<hostnames>
</hostnames>
<times srtt="19852" rttvar="19852" to="100000"/>
</host>
<host><status state="up" reason="reset" reason_ttl="128"/>
<address addr="8.18.63.253" addrtype="ipv4"/>
<hostnames>
</hostnames>
<times srtt="153" rttvar="5000" to="100000"/>
</host>
<host><status state="up" reason="syn-ack" reason_ttl="128"/>
<address addr="8.18.63.254" addrtype="ipv4"/>
<hostnames>
</hostnames>
<times srtt="15063" rttvar="15063" to="100000"/>
</host>
<host><status state="up" reason="syn-ack" reason_ttl="128"/>
<address addr="8.18.63.255" addrtype="ipv4"/>
<hostnames>
</hostnames>
<times srtt="14960" rttvar="14960" to="100000"/>
</host>
<host><status state="up" reason="syn-ack" reason_ttl="128"/>
<address addr="8.25.26.0" addrtype="ipv4"/>
<hostnames>
</hostnames>
<times srtt="14942" rttvar="14942" to="100000"/>
</host>
<host><status state="up" reason="echo-reply" reason_ttl="128"/>
<address addr="8.25.26.1" addrtype="ipv4"/>
<hostnames>
</hostnames>
<times srtt="11556" rttvar="11556" to="100000"/>
</host>
<host><status state="up" reason="echo-reply" reason_ttl="128"/>
<address addr="8.25.26.2" addrtype="ipv4"/>
<hostnames>
</hostnames>
<times srtt="14849" rttvar="14849" to="100000"/>
</host>
<host><status state="up" reason="reset" reason_ttl="128"/>
<address addr="8.25.26.3" addrtype="ipv4"/>
<hostnames>
</hostnames>
<times srtt="11137" rttvar="12626" to="100000"/>
</host>
<host><status state="up" reason="reset" reason_ttl="128"/>
<address addr="8.25.26.4" addrtype="ipv4"/>
<hostnames>
</hostnames>
<times srtt="11099" rttvar="12516" to="100000"/>
</host>
<host><status state="up" reason="reset" reason_ttl="128"/>
<address addr="8.25.26.5" addrtype="ipv4"/>
<hostnames>
</hostnames>
<times srtt="10841" rttvar="12323" to="100000"/>
</host>
<host><status state="up" reason="syn-ack" reason_ttl="128"/>
<address addr="8.25.26.6" addrtype="ipv4"/>
<hostnames>
</hostnames>
<times srtt="15104" rttvar="15104" to="100000"/>
</host>
<host><status state="up" reason="reset" reason_ttl="128"/>
<address addr="8.25.26.7" addrtype="ipv4"/>
<hostnames>
</hostnames>
<times srtt="10434" rttvar="11837" to="100000"/>
</host>
<host><status state="up" reason="reset" reason_ttl="128"/>
<address addr="8.25.26.8" addrtype="ipv4"/>
<hostnames>
</hostnames>
<times srtt="10363" rttvar="11732" to="100000"/>
</host>
<host><status state="up" reason="reset" reason_ttl="128"/>
<address addr="8.25.26.9" addrtype="ipv4"/>
<hostnames>
</hostnames>
<times srtt="5908" rttvar="6657" to="100000"/>
</host>
<host><status state="up" reason="reset" reason_ttl="128"/>
<address addr="8.25.26.10" addrtype="ipv4"/>
<hostnames>
</hostnames>
<times srtt="10149" rttvar="11535" to="100000"/>
</host>
<host><status state="up" reason="reset" reason_ttl="128"/>
<address addr="8.25.26.11" addrtype="ipv4"/>
<hostnames>
</hostnames>
<times srtt="293" rttvar="5000" to="100000"/>
</host>
<host><status state="up" reason="reset" reason_ttl="128"/>
<address addr="8.25.26.12" addrtype="ipv4"/>
<hostnames>
</hostnames>
<times srtt="96" rttvar="5000" to="100000"/>
</host>
<host><status state="up" reason="reset" reason_ttl="128"/>
<address addr="8.25.26.13" addrtype="ipv4"/>
<hostnames>
</hostnames>
<times srtt="10103" rttvar="11277" to="100000"/>
</host>
<host><status state="up" reason="reset" reason_ttl="128"/>
<address addr="8.25.26.14" addrtype="ipv4"/>
<hostnames>
</hostnames>
<times srtt="57" rttvar="5000" to="100000"/>
</host>
<host><status state="up" reason="reset" reason_ttl="128"/>
<address addr="8.25.26.15" addrtype="ipv4"/>
<hostnames>
</hostnames>
<times srtt="9726" rttvar="10881" to="100000"/>
</host>
<host><status state="up" reason="reset" reason_ttl="128"/>
<address addr="8.25.26.16" addrtype="ipv4"/>
<hostnames>
</hostnames>
<times srtt="9611" rttvar="10876" to="100000"/>
</host>
<host><status state="up" reason="reset" reason_ttl="128"/>
<address addr="8.25.26.17" addrtype="ipv4"/>
<hostnames>
</hostnames>
<times srtt="59" rttvar="5000" to="100000"/>
</host>
<host><status state="up" reason="reset" reason_ttl="128"/>
<address addr="8.25.26.18" addrtype="ipv4"/>
<hostnames>
</hostnames>
<times srtt="9512" rttvar="10795" to="100000"/>
</host>
<host><status state="up" reason="reset" reason_ttl="128"/>
<address addr="8.25.26.19" addrtype="ipv4"/>
<hostnames>
</hostnames>
<times srtt="9828" rttvar="11181" to="100000"/>
</host>
<host><status state="up" reason="reset" reason_ttl="128"/>
<address addr="8.25.26.20" addrtype="ipv4"/>
<hostnames>
</hostnames>
<times srtt="11724" rttvar="13282" to="100000"/>
</host>
<host><status state="up" reason="reset" reason_ttl="128"/>
<address addr="8.25.26.21" addrtype="ipv4"/>
<hostnames>
</hostnames>
<times srtt="11337" rttvar="12890" to="100000"/>
</host>
<host><status state="up" reason="reset" reason_ttl="128"/>
<address addr="8.25.26.22" addrtype="ipv4"/>
<hostnames>
</hostnames>
<times srtt="150" rttvar="5000" to="100000"/>
</host>
<host><status state="up" reason="reset" reason_ttl="128"/>
<address addr="8.25.26.23" addrtype="ipv4"/>
<hostnames>
</hostnames>
<times srtt="1461" rttvar="5000" to="100000"/>
</host>
<host><status state="up" reason="reset" reason_ttl="128"/>
<address addr="8.25.26.24" addrtype="ipv4"/>
<hostnames>
</hostnames>
<times srtt="10162" rttvar="11402" to="100000"/>
</host>
<host><status state="up" reason="reset" reason_ttl="128"/>
<address addr="8.25.26.25" addrtype="ipv4"/>
<hostnames>
</hostnames>
<times srtt="10187" rttvar="11240" to="100000"/>
</host>
<host><status state="up" reason="reset" reason_ttl="128"/>
<address addr="8.25.26.26" addrtype="ipv4"/>
<hostnames>
</hostnames>
<times srtt="1867" rttvar="5000" to="100000"/>
</host>
<host><status state="up" reason="reset" reason_ttl="128"/>
<address addr="8.25.26.27" addrtype="ipv4"/>
<hostnames>
</hostnames>
<times srtt="11652" rttvar="13224" to="100000"/>
</host>
<host><status state="up" reason="reset" reason_ttl="128"/>
<address addr="8.25.26.28" addrtype="ipv4"/>
<hostnames>
</hostnames>
<times srtt="1767" rttvar="5000" to="100000"/>
</host>
<host><status state="up" reason="reset" reason_ttl="128"/>
<address addr="8.25.26.29" addrtype="ipv4"/>
<hostnames>
</hostnames>
<times srtt="10782" rttvar="12276" to="100000"/>
</host>
<host><status state="up" reason="reset" reason_ttl="128"/>
<address addr="8.25.26.30" addrtype="ipv4"/>
<hostnames>
</hostnames>
<times srtt="8572" rttvar="9660" to="100000"/>
</host>
<host><status state="up" reason="reset" reason_ttl="128"/>
<address addr="8.25.26.31" addrtype="ipv4"/>
<hostnames>
</hostnames>
<times srtt="10138" rttvar="11450" to="100000"/>
</host>
<host><status state="up" reason="reset" reason_ttl="128"/>
<address addr="8.25.26.32" addrtype="ipv4"/>
<hostnames>
</hostnames>
<times srtt="10096" rttvar="11435" to="100000"/>
</host>
<host><status state="up" reason="reset" reason_ttl="128"/>
<address addr="8.25.26.33" addrtype="ipv4"/>
<hostnames>
</hostnames>
<times srtt="1709" rttvar="5000" to="100000"/>
</host>
<host><status state="up" reason="reset" reason_ttl="128"/>
<address addr="8.25.26.34" addrtype="ipv4"/>
<hostnames>
</hostnames>
<times srtt="1678" rttvar="5000" to="100000"/>
</host>
<host><status state="up" reason="reset" reason_ttl="128"/>
<address addr="8.25.26.35" addrtype="ipv4"/>
<hostnames>
</hostnames>
<times srtt="8471" rttvar="9479" to="100000"/>
</host>
<host><status state="up" reason="reset" reason_ttl="128"/>
<address addr="8.25.26.36" addrtype="ipv4"/>
<hostnames>
</hostnames>
<times srtt="1643" rttvar="5000" to="100000"/>
</host>
<host><status state="up" reason="reset" reason_ttl="128"/>
<address addr="8.25.26.37" addrtype="ipv4"/>
<hostnames>
</hostnames>
<times srtt="9801" rttvar="11085" to="100000"/>
</host>
<host><status state="up" reason="reset" reason_ttl="128"/>
<address addr="8.25.26.38" addrtype="ipv4"/>
<hostnames>
</hostnames>
<times srtt="9700" rttvar="11012" to="100000"/>
</host>
<host><status state="up" reason="reset" reason_ttl="128"/>
<address addr="8.25.26.39" addrtype="ipv4"/>
<hostnames>
</hostnames>
<times srtt="1512" rttvar="5000" to="100000"/>
</host>
<host><status state="up" reason="reset" reason_ttl="128"/>
<address addr="8.25.26.40" addrtype="ipv4"/>
<hostnames>
</hostnames>
<times srtt="10670" rttvar="12030" to="100000"/>
</host>
<host><status state="up" reason="reset" reason_ttl="128"/>
<address addr="8.25.26.41" addrtype="ipv4"/>
<hostnames>
</hostnames>
<times srtt="9898" rttvar="11240" to="100000"/>
</host>
<host><status state="up" reason="reset" reason_ttl="128"/>
<address addr="8.25.26.42" addrtype="ipv4"/>
<hostnames>
</hostnames>
<times srtt="9834" rttvar="11148" to="100000"/>
</host>
<host><status state="up" reason="reset" reason_ttl="128"/>
<address addr="8.25.26.43" addrtype="ipv4"/>
<hostnames>
</hostnames>
<times srtt="9763" rttvar="11081" to="100000"/>
</host>
<host><status state="up" reason="syn-ack" reason_ttl="128"/>
<address addr="8.25.26.44" addrtype="ipv4"/>
<hostnames>
</hostnames>
<times srtt="10568" rttvar="10568" to="100000"/>
</host>
<host><status state="up" reason="reset" reason_ttl="128"/>
<address addr="8.25.26.45" addrtype="ipv4"/>
<hostnames>
</hostnames>
<times srtt="512" rttvar="5000" to="100000"/>
</host>
<host><status state="up" reason="reset" reason_ttl="128"/>
<address addr="8.25.26.46" addrtype="ipv4"/>
<hostnames>
</hostnames>
<times srtt="9725" rttvar="11008" to="100000"/>
</host>
<host><status state="up" reason="reset" reason_ttl="128"/>
<address addr="8.25.26.47" addrtype="ipv4"/>
<hostnames>
</hostnames>
<times srtt="9692" rttvar="10736" to="100000"/>
</host>
<host><status state="up" reason="reset" reason_ttl="128"/>
<address addr="8.25.26.48" addrtype="ipv4"/>
<hostnames>
</hostnames>
<times srtt="9504" rttvar="10514" to="100000"/>
</host>
<host><status state="up" reason="reset" reason_ttl="128"/>
<address addr="8.25.26.49" addrtype="ipv4"/>
<hostnames>
</hostnames>
<times srtt="566" rttvar="5000" to="100000"/>
</host>
<host><status state="up" reason="reset" reason_ttl="128"/>
<address addr="8.25.26.50" addrtype="ipv4"/>
<hostnames>
</hostnames>
<times srtt="9431" rttvar="10433" to="100000"/>
</host>
<host><status state="up" reason="reset" reason_ttl="128"/>
<address addr="8.25.26.51" addrtype="ipv4"/>
<hostnames>
</hostnames>
<times srtt="9819" rttvar="10878" to="100000"/>
</host>
<host><status state="up" reason="reset" reason_ttl="128"/>
<address addr="8.25.26.52" addrtype="ipv4"/>
<hostnames>
</hostnames>
<times srtt="349" rttvar="5000" to="100000"/>
</host>
<host><status state="up" reason="reset" reason_ttl="128"/>
<address addr="8.25.26.53" addrtype="ipv4"/>
<hostnames>
</hostnames>
<times srtt="10972" rttvar="12356" to="100000"/>
</host>
<host><status state="up" reason="reset" reason_ttl="128"/>
<address addr="8.25.26.54" addrtype="ipv4"/>
<hostnames>
</hostnames>
<times srtt="9245" rttvar="10419" to="100000"/>
</host>
<host><status state="up" reason="reset" reason_ttl="128"/>
<address addr="8.25.26.55" addrtype="ipv4"/>
<hostnames>
</hostnames>
<times srtt="561" rttvar="5000" to="100000"/>
</host>
<host><status state="up" reason="reset" reason_ttl="128"/>
<address addr="8.25.26.56" addrtype="ipv4"/>
<hostnames>
</hostnames>
<times srtt="626" rttvar="5000" to="100000"/>
</host>
<host><status state="up" reason="reset" reason_ttl="128"/>
<address addr="8.25.26.57" addrtype="ipv4"/>
<hostnames>
</hostnames>
<times srtt="8675" rttvar="9717" to="100000"/>
</host>
<host><status state="up" reason="reset" reason_ttl="128"/>
<address addr="8.25.26.58" addrtype="ipv4"/>
<hostnames>
</hostnames>
<times srtt="8617" rttvar="9605" to="100000"/>
</host>
<host><status state="up" reason="reset" reason_ttl="128"/>
<address addr="8.25.26.59" addrtype="ipv4"/>
<hostnames>
</hostnames>
<times srtt="9030" rttvar="10248" to="100000"/>
</host>
<host><status state="up" reason="reset" reason_ttl="128"/>
<address addr="8.25.26.60" addrtype="ipv4"/>
<hostnames>
</hostnames>
<times srtt="591" rttvar="5000" to="100000"/>
</host>
<host><status state="up" reason="reset" reason_ttl="128"/>
<address addr="8.25.26.61" addrtype="ipv4"/>
<hostnames>
</hostnames>
<times srtt="9436" rttvar="10221" to="100000"/>
</host>
<host><status state="up" reason="reset" reason_ttl="128"/>
<address addr="8.25.26.62" addrtype="ipv4"/>
<hostnames>
</hostnames>
<times srtt="49891" rttvar="56913" to="277543"/>
</host>
<host><status state="up" reason="reset" reason_ttl="128"/>
<address addr="8.25.26.63" addrtype="ipv4"/>
<hostnames>
</hostnames>
<times srtt="478" rttvar="5000" to="100000"/>
</host>
<host><status state="up" reason="reset" reason_ttl="128"/>
<address addr="8.25.26.64" addrtype="ipv4"/>
<hostnames>
</hostnames>
<times srtt="9879" rttvar="11175" to="100000"/>
</host>
<host><status state="up" reason="reset" reason_ttl="128"/>
<address addr="8.25.26.65" addrtype="ipv4"/>
<hostnames>
</hostnames>
<times srtt="12502" rttvar="14196" to="100000"/>
</host>
<host><status state="up" reason="reset" reason_ttl="128"/>
<address addr="8.25.26.66" addrtype="ipv4"/>
<hostnames>
</hostnames>
<times srtt="534" rttvar="5000" to="100000"/>
</host>
<host><status state="up" reason="reset" reason_ttl="128"/>
<address addr="8.25.26.67" addrtype="ipv4"/>
<hostnames>
</hostnames>
<times srtt="518" rttvar="5000" to="100000"/>
</host>
<host><status state="up" reason="reset" reason_ttl="128"/>
<address addr="8.25.26.68" addrtype="ipv4"/>
<hostnames>
</hostnames>
<times srtt="12495" rttvar="14219" to="100000"/>
</host>
<host><status state="up" reason="reset" reason_ttl="128"/>
<address addr="8.25.26.69" addrtype="ipv4"/>
<hostnames>
</hostnames>
<times srtt="12329" rttvar="13987" to="100000"/>
</host>
<host><status state="up" reason="reset" reason_ttl="128"/>
<address addr="8.25.26.70" addrtype="ipv4"/>
<hostnames>
</hostnames>
<times srtt="490" rttvar="5000" to="100000"/>
</host>
<host><status state="up" reason="reset" reason_ttl="128"/>
<address addr="8.25.26.71" addrtype="ipv4"/>
<hostnames>
</hostnames>
<times srtt="9411" rttvar="10676" to="100000"/>
</host>
<host><status state="up" reason="reset" reason_ttl="128"/>
<address addr="8.25.26.72" addrtype="ipv4"/>
<hostnames>
</hostnames>
<times srtt="9001" rttvar="10125" to="100000"/>
</host>
<host><status state="up" reason="reset" reason_ttl="128"/>
<address addr="8.25.26.73" addrtype="ipv4"/>
<hostnames>
</hostnames>
<times srtt="729" rttvar="5000" to="100000"/>
</host>
<host><status state="up" reason="reset" reason_ttl="128"/>
<address addr="8.25.26.74" addrtype="ipv4"/>
<hostnames>
</hostnames>
<times srtt="10980" rttvar="12391" to="100000"/>
</host>
<host><status state="up" reason="reset" reason_ttl="128"/>
<address addr="8.25.26.75" addrtype="ipv4"/>
<hostnames>
</hostnames>
<times srtt="688" rttvar="5000" to="100000"/>
</host>
<host><status state="up" reason="reset" reason_ttl="128"/>
<address addr="8.25.26.76" addrtype="ipv4"/>
<hostnames>
</hostnames>
<times srtt="10309" rttvar="11655" to="100000"/>
</host>
<host><status state="up" reason="reset" reason_ttl="128"/>
<address addr="8.25.26.77" addrtype="ipv4"/>
<hostnames>
</hostnames>
<times srtt="11346" rttvar="12810" to="100000"/>
</host>
<host><status state="up" reason="reset" reason_ttl="128"/>
<address addr="8.25.26.78" addrtype="ipv4"/>
<hostnames>
</hostnames>
<times srtt="845" rttvar="5000" to="100000"/>
</host>
<host><status state="up" reason="reset" reason_ttl="128"/>
<address addr="8.25.26.79" addrtype="ipv4"/>
<hostnames>
</hostnames>
<times srtt="830" rttvar="5000" to="100000"/>
</host>
<host><status state="up" reason="reset" reason_ttl="128"/>
<address addr="8.25.26.80" addrtype="ipv4"/>
<hostnames>
</hostnames>
<times srtt="10514" rttvar="11958" to="100000"/>
</host>
<host><status state="up" reason="reset" reason_ttl="128"/>
<address addr="8.25.26.81" addrtype="ipv4"/>
<hostnames>
</hostnames>
<times srtt="281" rttvar="5000" to="100000"/>
</host>
<host><status state="up" reason="reset" reason_ttl="128"/>
<address addr="8.25.26.82" addrtype="ipv4"/>
<hostnames>
</hostnames>
<times srtt="10264" rttvar="11518" to="100000"/>
</host>
<host><status state="up" reason="reset" reason_ttl="128"/>
<address addr="8.25.26.83" addrtype="ipv4"/>
<hostnames>
</hostnames>
<times srtt="802" rttvar="5000" to="100000"/>
</host>
<host><status state="up" reason="reset" reason_ttl="128"/>
<address addr="8.25.26.84" addrtype="ipv4"/>
<hostnames>
</hostnames>
<times srtt="10120" rttvar="11373" to="100000"/>
</host>
<host><status state="up" reason="reset" reason_ttl="128"/>
<address addr="8.25.26.85" addrtype="ipv4"/>
<hostnames>
</hostnames>
<times srtt="776" rttvar="5000" to="100000"/>
</host>
<host><status state="up" reason="reset" reason_ttl="128"/>
<address addr="8.25.26.86" addrtype="ipv4"/>
<hostnames>
</hostnames>
<times srtt="10534" rttvar="11878" to="100000"/>
</host>
<host><status state="up" reason="reset" reason_ttl="128"/>
<address addr="8.25.26.87" addrtype="ipv4"/>
<hostnames>
</hostnames>
<times srtt="11106" rttvar="12625" to="100000"/>
</host>
<host><status state="up" reason="reset" reason_ttl="128"/>
<address addr="8.25.26.88" addrtype="ipv4"/>
<hostnames>
</hostnames>
<times srtt="762" rttvar="5000" to="100000"/>
</host>
<host><status state="up" reason="reset" reason_ttl="128"/>
<address addr="8.25.26.89" addrtype="ipv4"/>
<hostnames>
</hostnames>
<times srtt="10470" rttvar="11924" to="100000"/>
</host>
<host><status state="up" reason="reset" reason_ttl="128"/>
<address addr="8.25.26.90" addrtype="ipv4"/>
<hostnames>
</hostnames>
<times srtt="10424" rttvar="11812" to="100000"/>
</host>
<host><status state="up" reason="reset" reason_ttl="128"/>
<address addr="8.25.26.91" addrtype="ipv4"/>
<hostnames>
</hostnames>
<times srtt="415" rttvar="5000" to="100000"/>
</host>
<host><status state="up" reason="reset" reason_ttl="128"/>
<address addr="8.25.26.92" addrtype="ipv4"/>
<hostnames>
</hostnames>
<times srtt="828" rttvar="5000" to="100000"/>
</host>
<host><status state="up" reason="reset" reason_ttl="128"/>
<address addr="8.25.26.93" addrtype="ipv4"/>
<hostnames>
</hostnames>
<times srtt="9327" rttvar="10399" to="100000"/>
</host>
<host><status state="up" reason="reset" reason_ttl="128"/>
<address addr="8.25.26.94" addrtype="ipv4"/>
<hostnames>
</hostnames>
<times srtt="863" rttvar="5000" to="100000"/>
</host>
<host><status state="up" reason="reset" reason_ttl="128"/>
<address addr="8.25.26.95" addrtype="ipv4"/>
<hostnames>
</hostnames>
<times srtt="8978" rttvar="10034" to="100000"/>
</host>
<host><status state="up" reason="reset" reason_ttl="128"/>
<address addr="8.25.26.96" addrtype="ipv4"/>
<hostnames>
</hostnames>
<times srtt="833" rttvar="5000" to="100000"/>
</host>
<host><status state="up" reason="reset" reason_ttl="128"/>
<address addr="8.25.26.97" addrtype="ipv4"/>
<hostnames>
</hostnames>
<times srtt="11328" rttvar="12789" to="100000"/>
</host>
<host><status state="up" reason="reset" reason_ttl="128"/>
<address addr="8.25.26.98" addrtype="ipv4"/>
<hostnames>
</hostnames>
<times srtt="1050" rttvar="5000" to="100000"/>
</host>
<host><status state="up" reason="reset" reason_ttl="128"/>
<address addr="8.25.26.99" addrtype="ipv4"/>
<hostnames>
</hostnames>
<times srtt="1034" rttvar="5000" to="100000"/>
</host>
<host><status state="up" reason="reset" reason_ttl="128"/>
<address addr="8.25.26.100" addrtype="ipv4"/>
<hostnames>
</hostnames>
<times srtt="10755" rttvar="12155" to="100000"/>
</host>
<host><status state="up" reason="reset" reason_ttl="128"/>
<address addr="8.25.26.101" addrtype="ipv4"/>
<hostnames>
</hostnames>
<times srtt="10455" rttvar="11814" to="100000"/>
</host>
<host><status state="up" reason="reset" reason_ttl="128"/>
<address addr="8.25.26.102" addrtype="ipv4"/>
<hostnames>
</hostnames>
<times srtt="898" rttvar="5000" to="100000"/>
</host>
<host><status state="up" reason="reset" reason_ttl="128"/>
<address addr="8.25.26.103" addrtype="ipv4"/>
<hostnames>
</hostnames>
<times srtt="11486" rttvar="13061" to="100000"/>
</host>
<host><status state="up" reason="reset" reason_ttl="128"/>
<address addr="8.25.26.104" addrtype="ipv4"/>
<hostnames>
</hostnames>
<times srtt="11330" rttvar="12899" to="100000"/>
</host>
<host><status state="up" reason="reset" reason_ttl="128"/>
<address addr="8.25.26.105" addrtype="ipv4"/>
<hostnames>
</hostnames>
<times srtt="368" rttvar="5000" to="100000"/>
</host>
<host><status state="up" reason="reset" reason_ttl="128"/>
<address addr="8.25.26.106" addrtype="ipv4"/>
<hostnames>
</hostnames>
<times srtt="860" rttvar="5000" to="100000"/>
</host>
<host><status state="up" reason="reset" reason_ttl="128"/>
<address addr="8.25.26.107" addrtype="ipv4"/>
<hostnames>
</hostnames>
<times srtt="9889" rttvar="11004" to="100000"/>
</host>
<host><status state="up" reason="reset" reason_ttl="128"/>
<address addr="8.25.26.108" addrtype="ipv4"/>
<hostnames>
</hostnames>
<times srtt="251" rttvar="5000" to="100000"/>
</host>
<host><status state="up" reason="reset" reason_ttl="128"/>
<address addr="8.25.26.109" addrtype="ipv4"/>
<hostnames>
</hostnames>
<times srtt="10182" rttvar="11269" to="100000"/>
</host>
<host><status state="up" reason="reset" reason_ttl="128"/>
<address addr="8.25.26.110" addrtype="ipv4"/>
<hostnames>
</hostnames>
<times srtt="609" rttvar="5000" to="100000"/>
</host>
<host><status state="up" reason="reset" reason_ttl="128"/>
<address addr="8.25.26.111" addrtype="ipv4"/>
<hostnames>
</hostnames>
<times srtt="11239" rttvar="12499" to="100000"/>
</host>
<host><status state="up" reason="reset" reason_ttl="128"/>
<address addr="8.25.26.112" addrtype="ipv4"/>
<hostnames>
</hostnames>
<times srtt="990" rttvar="5000" to="100000"/>
</host>
<host><status state="up" reason="reset" reason_ttl="128"/>
<address addr="8.25.26.113" addrtype="ipv4"/>
<hostnames>
</hostnames>
<times srtt="1062" rttvar="5000" to="100000"/>
</host>
<host><status state="up" reason="reset" reason_ttl="128"/>
<address addr="8.25.26.114" addrtype="ipv4"/>
<hostnames>
</hostnames>
<times srtt="12857" rttvar="14408" to="100000"/>
</host>
<host><status state="up" reason="reset" reason_ttl="128"/>
<address addr="8.25.26.115" addrtype="ipv4"/>
<hostnames>
</hostnames>
<times srtt="12770" rttvar="14329" to="100000"/>
</host>
<host><status state="up" reason="reset" reason_ttl="128"/>
<address addr="8.25.26.116" addrtype="ipv4"/>
<hostnames>
</hostnames>
<times srtt="1037" rttvar="5000" to="100000"/>
</host>
<host><status state="up" reason="reset" reason_ttl="128"/>
<address addr="8.25.26.117" addrtype="ipv4"/>
<hostnames>
</hostnames>
<times srtt="11046" rttvar="12507" to="100000"/>
</host>
<host><status state="up" reason="reset" reason_ttl="128"/>
<address addr="8.25.26.118" addrtype="ipv4"/>
<hostnames>
</hostnames>
<times srtt="9488" rttvar="10521" to="100000"/>
</host>
<host><status state="up" reason="reset" reason_ttl="128"/>
<address addr="8.25.26.119" addrtype="ipv4"/>
<hostnames>
</hostnames>
<times srtt="103" rttvar="5000" to="100000"/>
</host>
<host><status state="up" reason="reset" reason_ttl="128"/>
<address addr="8.25.26.120" addrtype="ipv4"/>
<hostnames>
</hostnames>
<times srtt="1048" rttvar="5000" to="100000"/>
</host>
<host><status state="up" reason="reset" reason_ttl="128"/>
<address addr="8.25.26.121" addrtype="ipv4"/>
<hostnames>
</hostnames>
<times srtt="10780" rttvar="11941" to="100000"/>
</host>
<host><status state="up" reason="reset" reason_ttl="128"/>
<address addr="8.25.26.122" addrtype="ipv4"/>
<hostnames>
</hostnames>
<times srtt="966" rttvar="5000" to="100000"/>
</host>
<host><status state="up" reason="reset" reason_ttl="128"/>
<address addr="8.25.26.123" addrtype="ipv4"/>
<hostnames>
</hostnames>
<times srtt="10930" rttvar="12135" to="100000"/>
</host>
<host><status state="up" reason="reset" reason_ttl="128"/>
<address addr="8.25.26.124" addrtype="ipv4"/>
<hostnames>
</hostnames>
<times srtt="10867" rttvar="12093" to="100000"/>
</host>
<host><status state="up" reason="reset" reason_ttl="128"/>
<address addr="8.25.26.125" addrtype="ipv4"/>
<hostnames>
</hostnames>
<times srtt="1062" rttvar="5000" to="100000"/>
</host>
<host><status state="up" reason="reset" reason_ttl="128"/>
<address addr="8.25.26.126" addrtype="ipv4"/>
<hostnames>
</hostnames>
<times srtt="74" rttvar="5000" to="100000"/>
</host>
<host><status state="up" reason="reset" reason_ttl="128"/>
<address addr="8.25.26.127" addrtype="ipv4"/>
<hostnames>
</hostnames>
<times srtt="10411" rttvar="11569" to="100000"/>
</host>
<host><status state="up" reason="reset" reason_ttl="128"/>
<address addr="8.25.26.128" addrtype="ipv4"/>
<hostnames>
</hostnames>
<times srtt="10284" rttvar="11653" to="100000"/>
</host>
<host><status state="up" reason="reset" reason_ttl="128"/>
<address addr="8.25.26.129" addrtype="ipv4"/>
<hostnames>
</hostnames>
<times srtt="813" rttvar="5000" to="100000"/>
</host>
<host><status state="up" reason="reset" reason_ttl="128"/>
<address addr="8.25.26.130" addrtype="ipv4"/>
<hostnames>
</hostnames>
<times srtt="8851" rttvar="9725" to="100000"/>
</host>
<host><status state="up" reason="reset" reason_ttl="128"/>
<address addr="8.25.26.131" addrtype="ipv4"/>
<hostnames>
</hostnames>
<times srtt="10079" rttvar="11422" to="100000"/>
</host>
<host><status state="up" reason="reset" reason_ttl="128"/>
<address addr="8.25.26.132" addrtype="ipv4"/>
<hostnames>
</hostnames>
<times srtt="2199" rttvar="5000" to="100000"/>
</host>
<host><status state="up" reason="reset" reason_ttl="128"/>
<address addr="8.25.26.133" addrtype="ipv4"/>
<hostnames>
</hostnames>
<times srtt="141" rttvar="5000" to="100000"/>
</host>
<host><status state="up" reason="reset" reason_ttl="128"/>
<address addr="8.25.26.134" addrtype="ipv4"/>
<hostnames>
</hostnames>
<times srtt="932" rttvar="5000" to="100000"/>
</host>
<host><status state="up" reason="reset" reason_ttl="128"/>
<address addr="8.25.26.135" addrtype="ipv4"/>
<hostnames>
</hostnames>
<times srtt="793" rttvar="5000" to="100000"/>
</host>
<host><status state="up" reason="reset" reason_ttl="128"/>
<address addr="8.25.26.136" addrtype="ipv4"/>
<hostnames>
</hostnames>
<times srtt="742" rttvar="5000" to="100000"/>
</host>
<host><status state="up" reason="reset" reason_ttl="128"/>
<address addr="8.25.26.137" addrtype="ipv4"/>
<hostnames>
</hostnames>
<times srtt="706" rttvar="5000" to="100000"/>
</host>
<host><status state="up" reason="reset" reason_ttl="128"/>
<address addr="8.25.26.138" addrtype="ipv4"/>
<hostnames>
</hostnames>
<times srtt="702" rttvar="5000" to="100000"/>
</host>
<host><status state="up" reason="reset" reason_ttl="128"/>
<address addr="8.25.26.139" addrtype="ipv4"/>
<hostnames>
</hostnames>
<times srtt="581" rttvar="5000" to="100000"/>
</host>
<host><status state="up" reason="reset" reason_ttl="128"/>
<address addr="8.25.26.140" addrtype="ipv4"/>
<hostnames>
</hostnames>
<times srtt="193" rttvar="5000" to="100000"/>
</host>
<host><status state="up" reason="reset" reason_ttl="128"/>
<address addr="8.25.26.141" addrtype="ipv4"/>
<hostnames>
</hostnames>
<times srtt="876" rttvar="5000" to="100000"/>
</host>
<host><status state="up" reason="reset" reason_ttl="128"/>
<address addr="8.25.26.142" addrtype="ipv4"/>
<hostnames>
</hostnames>
<times srtt="817" rttvar="5000" to="100000"/>
</host>
<host><status state="up" reason="reset" reason_ttl="128"/>
<address addr="8.25.26.143" addrtype="ipv4"/>
<hostnames>
</hostnames>
<times srtt="778" rttvar="5000" to="100000"/>
</host>
<host><status state="up" reason="reset" reason_ttl="128"/>
<address addr="8.25.26.144" addrtype="ipv4"/>
<hostnames>
</hostnames>
<times srtt="232" rttvar="5000" to="100000"/>
</host>
<host><status state="up" reason="reset" reason_ttl="128"/>
<address addr="8.25.26.145" addrtype="ipv4"/>
<hostnames>
</hostnames>
<times srtt="743" rttvar="5000" to="100000"/>
</host>
<host><status state="up" reason="reset" reason_ttl="128"/>
<address addr="8.25.26.146" addrtype="ipv4"/>
<hostnames>
</hostnames>
<times srtt="207" rttvar="5000" to="100000"/>
</host>
<host><status state="up" reason="syn-ack" reason_ttl="128"/>
<address addr="8.25.26.147" addrtype="ipv4"/>
<hostnames>
</hostnames>
<times srtt="11395" rttvar="11395" to="100000"/>
</host>
<host><status state="up" reason="reset" reason_ttl="128"/>
<address addr="8.25.26.148" addrtype="ipv4"/>
<hostnames>
</hostnames>
<times srtt="683" rttvar="5000" to="100000"/>
</host>
<host><status state="up" reason="syn-ack" reason_ttl="128"/>
<address addr="8.25.26.149" addrtype="ipv4"/>
<hostnames>
</hostnames>
<times srtt="10226" rttvar="10226" to="100000"/>
</host>
<host><status state="up" reason="reset" reason_ttl="128"/>
<address addr="8.25.26.150" addrtype="ipv4"/>
<hostnames>
</hostnames>
<times srtt="428" rttvar="5000" to="100000"/>
</host>
<host><status state="up" reason="reset" reason_ttl="128"/>
<address addr="8.25.26.151" addrtype="ipv4"/>
<hostnames>
</hostnames>
<times srtt="283" rttvar="5000" to="100000"/>
</host>
<host><status state="up" reason="reset" reason_ttl="128"/>
<address addr="8.25.26.152" addrtype="ipv4"/>
<hostnames>
</hostnames>
<times srtt="202" rttvar="5000" to="100000"/>
</host>
<host><status state="up" reason="syn-ack" reason_ttl="128"/>
<address addr="8.25.26.153" addrtype="ipv4"/>
<hostnames>
</hostnames>
<times srtt="10085" rttvar="10085" to="100000"/>
</host>
<host><status state="up" reason="reset" reason_ttl="128"/>
<address addr="8.25.26.154" addrtype="ipv4"/>
<hostnames>
</hostnames>
<times srtt="447" rttvar="5000" to="100000"/>
</host>
<host><status state="up" reason="syn-ack" reason_ttl="128"/>
<address addr="8.25.26.155" addrtype="ipv4"/>
<hostnames>
</hostnames>
<times srtt="13278" rttvar="13278" to="100000"/>
</host>
<host><status state="up" reason="reset" reason_ttl="128"/>
<address addr="8.25.26.156" addrtype="ipv4"/>
<hostnames>
</hostnames>
<times srtt="444" rttvar="5000" to="100000"/>
</host>
<host><status state="up" reason="reset" reason_ttl="128"/>
<address addr="8.25.26.157" addrtype="ipv4"/>
<hostnames>
</hostnames>
<times srtt="391" rttvar="5000" to="100000"/>
</host>
<host><status state="up" reason="syn-ack" reason_ttl="128"/>
<address addr="8.25.26.158" addrtype="ipv4"/>
<hostnames>
</hostnames>
<times srtt="13745" rttvar="13745" to="100000"/>
</host>
<host><status state="up" reason="syn-ack" reason_ttl="128"/>
<address addr="8.25.26.159" addrtype="ipv4"/>
<hostnames>
</hostnames>
<times srtt="13730" rttvar="13730" to="100000"/>
</host>
<host><status state="up" reason="reset" reason_ttl="128"/>
<address addr="8.25.26.160" addrtype="ipv4"/>
<hostnames>
</hostnames>
<times srtt="2366" rttvar="5000" to="100000"/>
</host>
<host><status state="up" reason="reset" reason_ttl="128"/>
<address addr="8.25.26.161" addrtype="ipv4"/>
<hostnames>
</hostnames>
<times srtt="434" rttvar="5000" to="100000"/>
</host>
<host><status state="up" reason="reset" reason_ttl="128"/>
<address addr="8.25.26.162" addrtype="ipv4"/>
<hostnames>
</hostnames>
<times srtt="663" rttvar="5000" to="100000"/>
</host>
<host><status state="up" reason="reset" reason_ttl="128"/>
<address addr="8.25.26.163" addrtype="ipv4"/>
<hostnames>
</hostnames>
<times srtt="608" rttvar="5000" to="100000"/>
</host>
<host><status state="up" reason="reset" reason_ttl="128"/>
<address addr="8.25.26.164" addrtype="ipv4"/>
<hostnames>
</hostnames>
<times srtt="544" rttvar="5000" to="100000"/>
</host>
<host><status state="up" reason="reset" reason_ttl="128"/>
<address addr="8.25.26.165" addrtype="ipv4"/>
<hostnames>
</hostnames>
<times srtt="506" rttvar="5000" to="100000"/>
</host>
<host><status state="up" reason="reset" reason_ttl="128"/>
<address addr="8.25.26.166" addrtype="ipv4"/>
<hostnames>
</hostnames>
<times srtt="606" rttvar="5000" to="100000"/>
</host>
<host><status state="up" reason="reset" reason_ttl="128"/>
<address addr="8.25.26.167" addrtype="ipv4"/>
<hostnames>
</hostnames>
<times srtt="578" rttvar="5000" to="100000"/>
</host>
<host><status state="up" reason="reset" reason_ttl="128"/>
<address addr="8.25.26.168" addrtype="ipv4"/>
<hostnames>
</hostnames>
<times srtt="583" rttvar="5000" to="100000"/>
</host>
<host><status state="up" reason="reset" reason_ttl="128"/>
<address addr="8.25.26.169" addrtype="ipv4"/>
<hostnames>
</hostnames>
<times srtt="201" rttvar="5000" to="100000"/>
</host>
<host><status state="up" reason="reset" reason_ttl="128"/>
<address addr="8.25.26.170" addrtype="ipv4"/>
<hostnames>
</hostnames>
<times srtt="355" rttvar="5000" to="100000"/>
</host>
<host><status state="up" reason="reset" reason_ttl="128"/>
<address addr="8.25.26.171" addrtype="ipv4"/>
<hostnames>
</hostnames>
<times srtt="770" rttvar="5000" to="100000"/>
</host>
<host><status state="up" reason="reset" reason_ttl="128"/>
<address addr="8.25.26.172" addrtype="ipv4"/>
<hostnames>
</hostnames>
<times srtt="211" rttvar="5000" to="100000"/>
</host>
<host><status state="up" reason="reset" reason_ttl="128"/>
<address addr="8.25.26.173" addrtype="ipv4"/>
<hostnames>
</hostnames>
<times srtt="891" rttvar="5000" to="100000"/>
</host>
<host><status state="up" reason="reset" reason_ttl="128"/>
<address addr="8.25.26.174" addrtype="ipv4"/>
<hostnames>
</hostnames>
<times srtt="855" rttvar="5000" to="100000"/>
</host>
<host><status state="up" reason="reset" reason_ttl="128"/>
<address addr="8.25.26.175" addrtype="ipv4"/>
<hostnames>
</hostnames>
<times srtt="826" rttvar="5000" to="100000"/>
</host>
<host><status state="up" reason="reset" reason_ttl="128"/>
<address addr="8.25.26.176" addrtype="ipv4"/>
<hostnames>
</hostnames>
<times srtt="182" rttvar="5000" to="100000"/>
</host>
<host><status state="up" reason="reset" reason_ttl="128"/>
<address addr="8.25.26.177" addrtype="ipv4"/>
<hostnames>
</hostnames>
<times srtt="156" rttvar="5000" to="100000"/>
</host>
<host><status state="up" reason="reset" reason_ttl="128"/>
<address addr="8.25.26.178" addrtype="ipv4"/>
<hostnames>
</hostnames>
<times srtt="1221" rttvar="5000" to="100000"/>
</host>
<host><status state="up" reason="reset" reason_ttl="128"/>
<address addr="8.25.26.179" addrtype="ipv4"/>
<hostnames>
</hostnames>
<times srtt="1259" rttvar="5000" to="100000"/>
</host>
<host><status state="up" reason="reset" reason_ttl="128"/>
<address addr="8.25.26.180" addrtype="ipv4"/>
<hostnames>
</hostnames>
<times srtt="1276" rttvar="5000" to="100000"/>
</host>
<host><status state="up" reason="reset" reason_ttl="128"/>
<address addr="8.25.26.181" addrtype="ipv4"/>
<hostnames>
</hostnames>
<times srtt="346" rttvar="5000" to="100000"/>
</host>
<host><status state="up" reason="reset" reason_ttl="128"/>
<address addr="8.25.26.182" addrtype="ipv4"/>
<hostnames>
</hostnames>
<times srtt="341" rttvar="5000" to="100000"/>
</host>
<host><status state="up" reason="syn-ack" reason_ttl="128"/>
<address addr="8.25.26.183" addrtype="ipv4"/>
<hostnames>
</hostnames>
<times srtt="13865" rttvar="13865" to="100000"/>
</host>
<host><status state="up" reason="reset" reason_ttl="128"/>
<address addr="8.25.26.184" addrtype="ipv4"/>
<hostnames>
</hostnames>
<times srtt="335" rttvar="5000" to="100000"/>
</host>
<host><status state="up" reason="reset" reason_ttl="128"/>
<address addr="8.25.26.185" addrtype="ipv4"/>
<hostnames>
</hostnames>
<times srtt="10629" rttvar="12068" to="100000"/>
</host>
<host><status state="up" reason="reset" reason_ttl="128"/>
<address addr="8.25.26.186" addrtype="ipv4"/>
<hostnames>
</hostnames>
<times srtt="10542" rttvar="11508" to="100000"/>
</host>
<host><status state="up" reason="reset" reason_ttl="128"/>
<address addr="8.25.26.187" addrtype="ipv4"/>
<hostnames>
</hostnames>
<times srtt="795" rttvar="5000" to="100000"/>
</host>
<host><status state="up" reason="reset" reason_ttl="128"/>
<address addr="8.25.26.188" addrtype="ipv4"/>
<hostnames>
</hostnames>
<times srtt="11258" rttvar="11519" to="100000"/>
</host>
<host><status state="up" reason="reset" reason_ttl="128"/>
<address addr="8.25.26.189" addrtype="ipv4"/>
<hostnames>
</hostnames>
<times srtt="732" rttvar="5000" to="100000"/>
</host>
<host><status state="up" reason="reset" reason_ttl="128"/>
<address addr="8.25.26.190" addrtype="ipv4"/>
<hostnames>
</hostnames>
<times srtt="10706" rttvar="12134" to="100000"/>
</host>
<host><status state="up" reason="reset" reason_ttl="128"/>
<address addr="8.25.26.191" addrtype="ipv4"/>
<hostnames>
</hostnames>
<times srtt="9409" rttvar="10608" to="100000"/>
</host>
<host><status state="up" reason="reset" reason_ttl="128"/>
<address addr="8.25.26.192" addrtype="ipv4"/>
<hostnames>
</hostnames>
<times srtt="10524" rttvar="11841" to="100000"/>
</host>
<host><status state="up" reason="syn-ack" reason_ttl="128"/>
<address addr="8.25.26.193" addrtype="ipv4"/>
<hostnames>
</hostnames>
<times srtt="10832" rttvar="10832" to="100000"/>
</host>
<host><status state="up" reason="syn-ack" reason_ttl="128"/>
<address addr="8.25.26.194" addrtype="ipv4"/>
<hostnames>
</hostnames>
<times srtt="8136" rttvar="8136" to="100000"/>
</host>
<host><status state="up" reason="reset" reason_ttl="128"/>
<address addr="8.25.26.195" addrtype="ipv4"/>
<hostnames>
</hostnames>
<times srtt="421" rttvar="5000" to="100000"/>
</host>
<host><status state="up" reason="syn-ack" reason_ttl="128"/>
<address addr="8.25.26.196" addrtype="ipv4"/>
<hostnames>
</hostnames>
<times srtt="12221" rttvar="12221" to="100000"/>
</host>
<host><status state="up" reason="syn-ack" reason_ttl="128"/>
<address addr="8.25.26.197" addrtype="ipv4"/>
<hostnames>
</hostnames>
<times srtt="12125" rttvar="12125" to="100000"/>
</host>
<host><status state="up" reason="reset" reason_ttl="128"/>
<address addr="8.25.26.198" addrtype="ipv4"/>
<hostnames>
</hostnames>
<times srtt="19855" rttvar="22630" to="110375"/>
</host>
<host><status state="up" reason="reset" reason_ttl="128"/>
<address addr="8.25.26.199" addrtype="ipv4"/>
<hostnames>
</hostnames>
<times srtt="770" rttvar="5000" to="100000"/>
</host>
<host><status state="up" reason="syn-ack" reason_ttl="128"/>
<address addr="8.25.26.200" addrtype="ipv4"/>
<hostnames>
</hostnames>
<times srtt="13532" rttvar="13532" to="100000"/>
</host>
<host><status state="up" reason="reset" reason_ttl="128"/>
<address addr="8.25.26.201" addrtype="ipv4"/>
<hostnames>
</hostnames>
<times srtt="664" rttvar="5000" to="100000"/>
</host>
<host><status state="up" reason="syn-ack" reason_ttl="128"/>
<address addr="8.25.26.202" addrtype="ipv4"/>
<hostnames>
</hostnames>
<times srtt="13394" rttvar="13394" to="100000"/>
</host>
<host><status state="up" reason="reset" reason_ttl="128"/>
<address addr="8.25.26.203" addrtype="ipv4"/>
<hostnames>
</hostnames>
<times srtt="1032" rttvar="5000" to="100000"/>
</host>
<host><status state="up" reason="syn-ack" reason_ttl="128"/>
<address addr="8.25.26.204" addrtype="ipv4"/>
<hostnames>
</hostnames>
<times srtt="10836" rttvar="10836" to="100000"/>
</host>
<host><status state="up" reason="syn-ack" reason_ttl="128"/>
<address addr="8.25.26.205" addrtype="ipv4"/>
<hostnames>
</hostnames>
<times srtt="10761" rttvar="10761" to="100000"/>
</host>
<host><status state="up" reason="reset" reason_ttl="128"/>
<address addr="8.25.26.206" addrtype="ipv4"/>
<hostnames>
</hostnames>
<times srtt="853" rttvar="5000" to="100000"/>
</host>
<host><status state="up" reason="syn-ack" reason_ttl="128"/>
<address addr="8.25.26.207" addrtype="ipv4"/>
<hostnames>
</hostnames>
<times srtt="13724" rttvar="13724" to="100000"/>
</host>
<host><status state="up" reason="reset" reason_ttl="128"/>
<address addr="8.25.26.208" addrtype="ipv4"/>
<hostnames>
</hostnames>
<times srtt="1018" rttvar="5000" to="100000"/>
</host>
<host><status state="up" reason="syn-ack" reason_ttl="128"/>
<address addr="8.25.26.209" addrtype="ipv4"/>
<hostnames>
</hostnames>
<times srtt="8670" rttvar="8670" to="100000"/>
</host>
<host><status state="up" reason="reset" reason_ttl="128"/>
<address addr="8.25.26.210" addrtype="ipv4"/>
<hostnames>
</hostnames>
<times srtt="246" rttvar="5000" to="100000"/>
</host>
<host><status state="up" reason="syn-ack" reason_ttl="128"/>
<address addr="8.25.26.211" addrtype="ipv4"/>
<hostnames>
</hostnames>
<times srtt="13167" rttvar="13167" to="100000"/>
</host>
<host><status state="up" reason="syn-ack" reason_ttl="128"/>
<address addr="8.25.26.212" addrtype="ipv4"/>
<hostnames>
</hostnames>
<times srtt="16063" rttvar="16063" to="100000"/>
</host>
<host><status state="up" reason="reset" reason_ttl="128"/>
<address addr="8.25.26.213" addrtype="ipv4"/>
<hostnames>
</hostnames>
<times srtt="987" rttvar="5000" to="100000"/>
</host>
<host><status state="up" reason="syn-ack" reason_ttl="128"/>
<address addr="8.25.26.214" addrtype="ipv4"/>
<hostnames>
</hostnames>
<times srtt="13268" rttvar="13268" to="100000"/>
</host>
<host><status state="up" reason="reset" reason_ttl="128"/>
<address addr="8.25.26.215" addrtype="ipv4"/>
<hostnames>
</hostnames>
<times srtt="149" rttvar="5000" to="100000"/>
</host>
<host><status state="up" reason="syn-ack" reason_ttl="128"/>
<address addr="8.25.26.216" addrtype="ipv4"/>
<hostnames>
</hostnames>
<times srtt="22102" rttvar="22102" to="110510"/>
</host>
<host><status state="up" reason="reset" reason_ttl="128"/>
<address addr="8.25.26.217" addrtype="ipv4"/>
<hostnames>
</hostnames>
<times srtt="564" rttvar="5000" to="100000"/>
</host>
<host><status state="up" reason="syn-ack" reason_ttl="128"/>
<address addr="8.25.26.218" addrtype="ipv4"/>
<hostnames>
</hostnames>
<times srtt="11373" rttvar="11373" to="100000"/>
</host>
<host><status state="up" reason="syn-ack" reason_ttl="128"/>
<address addr="8.25.26.219" addrtype="ipv4"/>
<hostnames>
</hostnames>
<times srtt="11307" rttvar="11307" to="100000"/>
</host>
<host><status state="up" reason="reset" reason_ttl="128"/>
<address addr="8.25.26.220" addrtype="ipv4"/>
<hostnames>
</hostnames>
<times srtt="53" rttvar="5000" to="100000"/>
</host>
<host><status state="up" reason="syn-ack" reason_ttl="128"/>
<address addr="8.25.26.221" addrtype="ipv4"/>
<hostnames>
</hostnames>
<times srtt="12207" rttvar="12207" to="100000"/>
</host>
<host><status state="up" reason="reset" reason_ttl="128"/>
<address addr="8.25.26.222" addrtype="ipv4"/>
<hostnames>
</hostnames>
<times srtt="939" rttvar="5000" to="100000"/>
</host>
<host><status state="up" reason="reset" reason_ttl="128"/>
<address addr="8.25.26.223" addrtype="ipv4"/>
<hostnames>
</hostnames>
<times srtt="350" rttvar="5000" to="100000"/>
</host>
<host><status state="up" reason="syn-ack" reason_ttl="128"/>
<address addr="8.25.26.224" addrtype="ipv4"/>
<hostnames>
</hostnames>
<times srtt="14889" rttvar="14889" to="100000"/>
</host>
<host><status state="up" reason="reset" reason_ttl="128"/>
<address addr="8.25.26.225" addrtype="ipv4"/>
<hostnames>
</hostnames>
<times srtt="929" rttvar="5000" to="100000"/>
</host>
<host><status state="up" reason="syn-ack" reason_ttl="128"/>
<address addr="8.25.26.226" addrtype="ipv4"/>
<hostnames>
</hostnames>
<times srtt="11249" rttvar="11249" to="100000"/>
</host>
<host><status state="up" reason="syn-ack" reason_ttl="128"/>
<address addr="8.25.26.227" addrtype="ipv4"/>
<hostnames>
</hostnames>
<times srtt="12836" rttvar="12836" to="100000"/>
</host>
<host><status state="up" reason="reset" reason_ttl="128"/>
<address addr="8.25.26.228" addrtype="ipv4"/>
<hostnames>
</hostnames>
<times srtt="240" rttvar="5000" to="100000"/>
</host>
<host><status state="up" reason="syn-ack" reason_ttl="128"/>
<address addr="8.25.26.229" addrtype="ipv4"/>
<hostnames>
</hostnames>
<times srtt="13337" rttvar="13337" to="100000"/>
</host>
<host><status state="up" reason="reset" reason_ttl="128"/>
<address addr="8.25.26.230" addrtype="ipv4"/>
<hostnames>
</hostnames>
<times srtt="898" rttvar="5000" to="100000"/>
</host>
<host><status state="up" reason="reset" reason_ttl="128"/>
<address addr="8.25.26.231" addrtype="ipv4"/>
<hostnames>
</hostnames>
<times srtt="117" rttvar="5000" to="100000"/>
</host>
<host><status state="up" reason="syn-ack" reason_ttl="128"/>
<address addr="8.25.26.232" addrtype="ipv4"/>
<hostnames>
</hostnames>
<times srtt="12180" rttvar="12180" to="100000"/>
</host>
<host><status state="up" reason="reset" reason_ttl="128"/>
<address addr="8.25.26.233" addrtype="ipv4"/>
<hostnames>
</hostnames>
<times srtt="394" rttvar="5000" to="100000"/>
</host>
<host><status state="up" reason="syn-ack" reason_ttl="128"/>
<address addr="8.25.26.234" addrtype="ipv4"/>
<hostnames>
</hostnames>
<times srtt="12026" rttvar="12026" to="100000"/>
</host>
<host><status state="up" reason="syn-ack" reason_ttl="128"/>
<address addr="8.25.26.235" addrtype="ipv4"/>
<hostnames>
</hostnames>
<times srtt="13257" rttvar="13257" to="100000"/>
</host>
<host><status state="up" reason="reset" reason_ttl="128"/>
<address addr="8.25.26.236" addrtype="ipv4"/>
<hostnames>
</hostnames>
<times srtt="372" rttvar="5000" to="100000"/>
</host>
<host><status state="up" reason="syn-ack" reason_ttl="128"/>
<address addr="8.25.26.237" addrtype="ipv4"/>
<hostnames>
</hostnames>
<times srtt="13079" rttvar="13079" to="100000"/>
</host>
<host><status state="up" reason="reset" reason_ttl="128"/>
<address addr="8.25.26.238" addrtype="ipv4"/>
<hostnames>
</hostnames>
<times srtt="100" rttvar="5000" to="100000"/>
</host>
<host><status state="up" reason="reset" reason_ttl="128"/>
<address addr="8.25.26.239" addrtype="ipv4"/>
<hostnames>
</hostnames>
<times srtt="129" rttvar="5000" to="100000"/>
</host>
<host><status state="up" reason="syn-ack" reason_ttl="128"/>
<address addr="8.25.26.240" addrtype="ipv4"/>
<hostnames>
</hostnames>
<times srtt="12789" rttvar="12789" to="100000"/>
</host>
<host><status state="up" reason="reset" reason_ttl="128"/>
<address addr="8.25.26.241" addrtype="ipv4"/>
<hostnames>
</hostnames>
<times srtt="868" rttvar="5000" to="100000"/>
</host>
<host><status state="up" reason="syn-ack" reason_ttl="128"/>
<address addr="8.25.26.242" addrtype="ipv4"/>
<hostnames>
</hostnames>
<times srtt="8490" rttvar="8490" to="100000"/>
</host>
<host><status state="up" reason="syn-ack" reason_ttl="128"/>
<address addr="8.25.26.243" addrtype="ipv4"/>
<hostnames>
</hostnames>
<times srtt="9405" rttvar="9405" to="100000"/>
</host>
<host><status state="up" reason="reset" reason_ttl="128"/>
<address addr="8.25.26.244" addrtype="ipv4"/>
<hostnames>
</hostnames>
<times srtt="366" rttvar="5000" to="100000"/>
</host>
<host><status state="up" reason="syn-ack" reason_ttl="128"/>
<address addr="8.25.26.245" addrtype="ipv4"/>
<hostnames>
</hostnames>
<times srtt="9521" rttvar="9521" to="100000"/>
</host>
<host><status state="up" reason="reset" reason_ttl="128"/>
<address addr="8.25.26.246" addrtype="ipv4"/>
<hostnames>
</hostnames>
<times srtt="85" rttvar="5000" to="100000"/>
</host>
<host><status state="up" reason="reset" reason_ttl="128"/>
<address addr="8.25.26.247" addrtype="ipv4"/>
<hostnames>
</hostnames>
<times srtt="75" rttvar="5000" to="100000"/>
</host>
<host><status state="up" reason="reset" reason_ttl="128"/>
<address addr="8.25.26.248" addrtype="ipv4"/>
<hostnames>
</hostnames>
<times srtt="883" rttvar="5000" to="100000"/>
</host>
<host><status state="up" reason="reset" reason_ttl="128"/>
<address addr="8.25.26.249" addrtype="ipv4"/>
<hostnames>
</hostnames>
<times srtt="13266" rttvar="13266" to="100000"/>
</host>
<host><status state="up" reason="reset" reason_ttl="128"/>
<address addr="8.25.26.250" addrtype="ipv4"/>
<hostnames>
</hostnames>
<times srtt="903" rttvar="5000" to="100000"/>
</host>
<host><status state="up" reason="reset" reason_ttl="128"/>
<address addr="8.25.26.251" addrtype="ipv4"/>
<hostnames>
</hostnames>
<times srtt="852" rttvar="5000" to="100000"/>
</host>
<host><status state="up" reason="syn-ack" reason_ttl="128"/>
<address addr="8.25.26.252" addrtype="ipv4"/>
<hostnames>
</hostnames>
<times srtt="20290" rttvar="20290" to="101450"/>
</host>
<host><status state="up" reason="reset" reason_ttl="128"/>
<address addr="8.25.26.253" addrtype="ipv4"/>
<hostnames>
</hostnames>
<times srtt="402" rttvar="5000" to="100000"/>
</host>
<host><status state="up" reason="reset" reason_ttl="128"/>
<address addr="8.25.26.254" addrtype="ipv4"/>
<hostnames>
</hostnames>
<times srtt="802" rttvar="5000" to="100000"/>
</host>
<host><status state="up" reason="syn-ack" reason_ttl="128"/>
<address addr="8.25.26.255" addrtype="ipv4"/>
<hostnames>
</hostnames>
<times srtt="15052" rttvar="15052" to="100000"/>
</host>
<runstats><finished time="1731788113" timestr="Sat Nov 16 15:15:13 2024" summary="Nmap done at Sat Nov 16 15:15:13 2024; 512 IP addresses (512 hosts up) scanned in 8.77 seconds" elapsed="8.77" exit="success"/><hosts up="512" down="0" total="512"/>
</runstats>
</nmaprun>
